000020,KR7000020008,0,00001,9440,1
000040,KR7000040006,0,00001,537,1
000050,KR7000050005,0,00001,10600,1
000060,KR7000060004,0,00001,22000,1
000070,KR7000070003,0,00001,74600,1
000075,KR7000071001,0,00001,47700,1
000080,KR7000080002,0,00001,20850,1
000087,KR7000082008,0,00001,16150,1
000100,KR7000100008,0,00001,243500,1
000105,KR7000101006,0,00001,210000,1
000120,KR7000120006,0,00001,146000,1
000140,KR7000140004,0,00001,9200,1
000145,KR7000141002,0,00001,9670,1
000150,KR7000150003,0,00001,99200,1
000155,KR7000151001,0,00001,74200,1
000157,KR7000152009,0,00001,75800,1
000180,KR7000180000,0,00001,1945,1
000210,KR7000210005,0,00001,104000,1
000215,KR7000211003,0,00001,43350,1
000220,KR7000220004,0,00001,11550,1
000225,KR7000221002,0,00001,7550,1
000227,KR7000222000,0,00001,19150,1
000230,KR7000230003,0,00001,13350,1
000240,KR7000240002,0,00001,16850,1
000270,KR7000270009,0,00001,40800,1
000300,KR7000300004,0,00001,895,1
000320,KR7000320002,0,00001,12450,1
000325,KR7000321000,0,00001,20700,1
000370,KR7000370007,0,00001,4310,1
000390,KR7000390005,0,00001,5850,1
000400,KR7000400002,0,00001,2410,1
000430,KR7000430009,0,00001,4365,1
000480,KR7000480004,0,00001,85900,1
000490,KR7000490003,0,00001,5620,1
000500,KR7000500009,0,00001,18000,1
000520,KR7000520007,0,00001,27900,1
000540,KR7000540005,0,00001,4530,1
000545,KR7000541003,0,00001,5710,1
000547,KR7000542001,0,00001,24200,1
000590,KR7000590000,0,00001,62000,1
000640,KR7000640003,0,00001,100000,1
000650,KR7000650002,0,00001,73600,1
000660,KR7000660001,0,00001,68000,1
000670,KR7000670000,0,00001,722000,1
000680,KR7000680009,0,00001,3140,1
000700,KR7000700005,0,00001,8160,1
000720,KR7000720003,0,00001,50700,1
000725,KR7000721001,0,00001,163500,1
000760,KR7000760009,0,00001,17150,1
000810,KR7000810002,0,00001,275500,1
000815,KR7000811000,0,00001,190500,1
000850,KR7000850008,0,00001,42150,1
000860,KR7000860007,0,00001,25150,1
000880,KR7000880005,0,00001,26150,1
000885,KR7000881003,0,00001,31550,1
00088K,KR700088K015,0,00001,13500,1
000890,KR7000890004,0,00001,1300,1
000910,KR7000910000,0,00001,7000,1
000950,KR7000950006,0,00001,17200,1
000970,KR7000970004,0,00001,9730,1
000990,KR7000990002,0,00001,15300,1
000995,KR7000991000,0,00001,44500,1
001020,KR7001020007,0,00001,950,1
001040,KR7001040005,0,00001,100000,1
001045,KR7001041003,0,00001,52500,1
001060,KR7001060003,0,00001,32350,1
001065,KR7001061001,0,00001,28250,1
001067,KR7001062009,0,00001,45300,1
001070,KR7001070002,0,00001,20650,1
001080,KR7001080001,0,00001,19200,1
001120,KR7001120005,0,00001,16700,1
001130,KR7001130004,0,00001,203500,1
001140,KR7001140003,0,00001,1990,1
001200,KR7001200005,0,00001,2575,1
001210,KR7001210004,0,00001,3525,1
001230,KR7001230002,0,00001,6350,1
001250,KR7001250000,0,00001,2630,1
001260,KR7001260009,0,00001,11500,1
001270,KR7001270008,0,00001,20800,1
001275,KR7001271006,0,00001,19250,1
001290,KR7001290006,0,00001,2345,1
001340,KR7001340009,0,00001,2865,1
001360,KR7001360007,0,00001,2640,1
001380,KR7001380005,0,00001,2025,1
001390,KR7001390004,0,00001,12300,1
001420,KR7001420009,0,00001,4810,1
001430,KR7001430008,0,00001,17950,1
001440,KR7001440007,0,00001,879,1
001450,KR7001450006,0,00001,30900,1
001460,KR7001460005,0,00001,239000,1
001465,KR7001461003,0,00001,138000,1
001470,KR7001470004,0,00001,874,1
001500,KR7001500008,0,00001,9850,1
001510,KR7001510007,0,00001,688,1
001515,KR7001511005,0,00001,3470,1
001520,KR7001520006,0,00001,1845,1
001525,KR7001521004,0,00001,8490,1
001527,KR7001522002,0,00001,10400,1
001529,KR7001523000,0,00001,31600,1
001530,KR7001530005,0,00001,87400,1
001550,KR7001550003,0,00001,24550,1
001560,KR7001560002,0,00001,6570,1
001570,KR7001570001,0,00001,2255,1
001620,KR7001620004,0,00001,862,1
001630,KR7001630003,0,00001,109000,1
001680,KR7001680008,0,00001,26150,1
001685,KR7001681006,0,00001,13300,1
001720,KR7001720002,0,00001,57600,1
001725,KR7001721000,0,00001,52300,1
001740,KR7001740000,0,00001,4975,1
001745,KR7001741008,0,00001,81000,1
001750,KR7001750009,0,00001,7410,1
001755,KR7001751007,0,00001,8440,1
001770,KR7001770007,0,00001,23100,1
001780,KR7001780006,0,00001,2540,1
001790,KR7001790005,0,00001,20300,1
001795,KR7001791003,0,00001,12850,1
001799,KR7001793009,0,00001,25050,1
001800,KR7001800002,0,00001,17000,1
001820,KR7001820000,0,00001,53400,1
001880,KR7001880004,0,00001,17950,1
001940,KR7001940006,0,00001,14150,1
002020,KR7002020006,0,00001,18600,1
002025,KR7002021004,0,00001,12800,1
002030,KR7002030005,0,00001,123500,1
002070,KR7002070001,0,00001,6600,1
002100,KR7002100006,0,00001,15950,1
002140,KR7002140002,0,00001,2180,1
002150,KR7002150001,0,00001,9080,1
002170,KR7002170009,0,00001,63400,1
002200,KR7002200004,0,00001,21000,1
002210,KR7002210003,0,00001,20200,1
002220,KR7002220002,0,00001,2045,1
002240,KR7002240000,0,00001,24100,1
002270,KR7002270007,0,00001,557000,1
002300,KR7002300002,0,00001,18050,1
002310,KR7002310001,0,00001,38850,1
002320,KR7002320000,0,00001,39900,1
002350,KR7002350007,0,00001,10400,1
002355,KR7002351005,0,00001,4205,1
002360,KR7002360006,0,00001,1275,1
002380,KR7002380004,0,00001,263500,1
002390,KR7002390003,0,00001,26500,1
002410,KR7002410009,0,00001,1795,1
002420,KR7002420008,0,00001,72700,1
002450,KR7002450005,0,00001,1955,1
002460,KR7002460004,0,00001,13850,1
002600,KR7002600005,0,00001,178000,1
002620,KR7002620003,0,00001,22300,1
002630,KR7002630002,0,00001,565,1
002690,KR7002690006,0,00001,2910,1
002700,KR7002700003,0,00001,2760,1
002710,KR7002710002,0,00001,2615,1
002720,KR7002720001,0,00001,5200,1
002760,KR7002760007,0,00001,2355,1
002780,KR7002780005,0,00001,2250,1
002785,KR7002781003,0,00001,4810,1
002787,KR7002782001,0,00001,13900,1
002790,KR7002790004,0,00001,66900,1
002795,KR7002791002,0,00001,28450,1
002810,KR7002810000,0,00001,15800,1
002820,KR7002820009,0,00001,4940,1
002840,KR7002840007,0,00001,43400,1
002870,KR7002870004,0,00001,1310,1
002880,KR7002880003,0,00001,1100,1
002900,KR7002900009,0,00001,1740,1
002920,KR7002920007,0,00001,2990,1
002960,KR7002960003,0,00001,343500,1
002990,KR7002990000,0,00001,12650,1
002995,KR7002991008,0,00001,41500,1
003000,KR7003000007,0,00001,17000,1
003010,KR7003010006,0,00001,5520,1
003030,KR7003030004,0,00001,56200,1
003060,KR7003060001,0,00001,2225,1
003070,KR7003070000,0,00001,9250,1
003075,KR7003071008,0,00001,16350,1
003080,KR7003080009,0,00001,4965,1
003090,KR7003090008,0,00001,17750,1
003120,KR7003120003,0,00001,90000,1
003160,KR7003160009,0,00001,4005,1
003200,KR7003200003,0,00001,93400,1
003220,KR7003220001,0,00001,16600,1
003230,KR7003230000,0,00001,77000,1
003240,KR7003240009,0,00001,1429000,1
003280,KR7003280005,0,00001,302,1
003300,KR7003300001,0,00001,51000,1
003350,KR7003350006,0,00001,30000,1
003410,KR7003410008,0,00001,5740,1
003415,KR7003411006,0,00001,6120,1
003460,KR7003460003,0,00001,12700,1
003465,KR7003461001,0,00001,12700,1
003470,KR7003470002,0,00001,3145,1
003475,KR7003471000,0,00001,2160,1
003480,KR7003480001,0,00001,3660,1
003490,KR7003490000,0,00001,30700,1
003495,KR7003491008,0,00001,21200,1
003520,KR7003520004,0,00001,5740,1
003530,KR7003530003,0,00001,2250,1
003535,KR7003531001,0,00001,2305,1
003540,KR7003540002,0,00001,13500,1
003545,KR7003541000,0,00001,9180,1
003547,KR7003542008,0,00001,8450,1
003550,KR7003550001,0,00001,70900,1
003555,KR7003551009,0,00001,44300,1
003560,KR7003560000,0,00001,2055,1
003570,KR7003570009,0,00001,7130,1
003580,KR7003580008,0,00001,5620,1
003610,KR7003610003,0,00001,2355,1
003620,KR7003620002,0,00001,4280,1
003650,KR7003650009,0,00001,79400,1
003680,KR7003680006,0,00001,6710,1
003690,KR7003690005,0,00001,8620,1
003720,KR7003720000,0,00001,999,1
003780,KR7003780004,0,00001,3420,1
003830,KR7003830007,0,00001,110000,1
003850,KR7003850005,0,00001,12100,1
003920,KR7003920006,0,00001,589000,1
003925,KR7003921004,0,00001,215000,1
003960,KR7003960002,0,00001,19950,1
004000,KR7004000006,0,00001,48500,1
004020,KR7004020004,0,00001,40250,1
004060,KR7004060000,0,00001,888,1
004080,KR7004080008,0,00001,10000,1
004090,KR7004090007,0,00001,112000,1
004100,KR7004100004,0,00001,1140,1
004105,KR7004101002,0,00001,3295,1
004140,KR7004140000,0,00001,1850,1
004150,KR7004150009,0,00001,4400,1
004170,KR7004170007,0,00001,288500,1
004200,KR7004200002,0,00001,4935,1
004250,KR7004250007,0,00001,3670,1
004255,KR7004251005,0,00001,2240,1
004270,KR7004270005,0,00001,2925,1
004310,KR7004310009,0,00001,4805,1
004360,KR7004360004,0,00001,13500,1
004365,KR7004361002,0,00001,7040,1
004370,KR7004370003,0,00001,254500,1
004380,KR7004380002,0,00001,10700,1
004410,KR7004410007,0,00001,192,1
004415,KR7004411005,0,00001,3970,1
004430,KR7004430005,0,00001,21200,1
004440,KR7004440004,0,00001,9910,1
004450,KR7004450003,0,00001,46000,1
004490,KR7004490009,0,00001,44550,1
004540,KR7004540001,0,00001,2575,1
004545,KR7004541009,0,00001,17500,1
004560,KR7004560009,0,00001,9100,1
004565,KR7004561007,0,00001,64500,1
004690,KR7004690004,0,00001,91900,1
004700,KR7004700001,0,00001,36600,1
004710,KR7004710000,0,00001,6180,1
004720,KR7004720009,0,00001,6800,1
004770,KR7004770004,0,00001,3260,1
004800,KR7004800009,0,00001,74300,1
004830,KR7004830006,0,00001,2900,1
004835,KR7004831004,0,00001,3990,1
004840,KR7004840005,0,00001,6070,1
004870,KR7004870002,0,00001,2080,1
004890,KR7004890000,0,00001,61600,1
004910,KR7004910006,0,00001,6490,1
004920,KR7004920005,0,00001,490,1
004960,KR7004960001,0,00001,17100,1
004970,KR7004970000,0,00001,14300,1
004980,KR7004980009,0,00001,8580,1
004985,KR7004981007,0,00001,10500,1
004990,KR7004990008,0,00001,43200,1
00499K,KR700499K014,0,00001,51500,1
005010,KR7005010004,0,00001,11450,1
005030,KR7005030002,0,00001,589,1
005070,KR7005070008,0,00001,12350,1
005090,KR7005090006,0,00001,39250,1
005110,KR7005110002,0,00001,2870,1
005180,KR7005180005,0,00001,74800,1
005190,KR7005190004,0,00001,16450,1
005250,KR7005250006,0,00001,21150,1
005257,KR7005252002,0,00001,17100,1
005300,KR7005300009,0,00001,170500,1
005305,KR7005301007,0,00001,77000,1
005320,KR7005320007,0,00001,1770,1
005360,KR7005360003,0,00001,2575,1
005380,KR7005380001,0,00001,127500,1
005385,KR7005381009,0,00001,72100,1
005387,KR7005382007,0,00001,78300,1
005389,KR7005383005,0,00001,70900,1
005390,KR7005390000,0,00001,985,1
005420,KR7005420005,0,00001,10200,1
005430,KR7005430004,0,00001,46350,1
005440,KR7005440003,0,00001,12600,1
005450,KR7005450002,0,00001,4945,1
005490,KR7005490008,0,00001,231000,1
005500,KR7005500004,0,00001,32950,1
005610,KR7005610001,0,00001,105000,1
005680,KR7005680004,0,00001,11700,1
005690,KR7005690003,0,00001,9500,1
005720,KR7005720008,0,00001,6150,1
005725,KR7005721006,0,00001,3675,1
005740,KR7005740006,0,00001,10750,1
005745,KR7005741004,0,00001,13450,1
005750,KR7005750005,0,00001,4725,1
005800,KR7005800008,0,00001,122000,1
005810,KR7005810007,0,00001,38950,1
005820,KR7005820006,0,00001,18000,1
005830,KR7005830005,0,00001,60400,1
005850,KR7005850003,0,00001,22250,1
005870,KR7005870001,0,00001,8660,1
005880,KR7005880000,0,00001,22550,1
005930,KR7005930003,0,00001,43850,1
005935,KR7005931001,0,00001,35300,1
005940,KR7005940002,0,00001,13400,1
005945,KR7005941000,0,00001,8960,1
005950,KR7005950001,0,00001,9650,1
005960,KR7005960000,0,00001,8060,1
005965,KR7005961008,0,00001,17700,1
006040,KR7006040000,0,00001,254000,1
006060,KR7006060008,0,00001,10350,1
006090,KR7006090005,0,00001,8040,1
006110,KR7006110001,0,00001,5040,1
006120,KR7006120000,0,00001,25350,1
006125,KR7006121008,0,00001,16600,1
006200,KR7006200000,0,00001,800,1
006220,KR7006220008,0,00001,4745,1
006260,KR7006260004,0,00001,44500,1
006280,KR7006280002,0,00001,124500,1
006340,KR7006340004,0,00001,1280,1
006345,KR7006341002,0,00001,3440,1
006360,KR7006360002,0,00001,39550,1
006370,KR7006370001,0,00001,6870,1
006380,KR7006380000,0,00001,3900,1
006390,KR7006390009,0,00001,33250,1
006400,KR7006400006,0,00001,215000,1
006405,KR7006401004,0,00001,83600,1
006490,KR7006490007,0,00001,3485,1
006570,KR7006570006,0,00001,4185,1
006650,KR7006650006,0,00001,136500,1
006660,KR7006660005,0,00001,10650,1
006740,KR7006740005,0,00001,3610,1
006800,KR7006800007,0,00001,7400,1
006805,KR7006801005,0,00001,4370,1
00680K,KR700680K019,0,00001,3775,1
006840,KR7006840003,0,00001,49950,1
006880,KR7006880009,0,00001,4830,1
006890,KR7006890008,0,00001,5870,1
006980,KR7006980007,0,00001,3375,1
007070,KR7007070006,0,00001,36100,1
007110,KR7007110000,0,00001,2295,1
007120,KR7007120009,0,00001,305,1
007160,KR7007160005,0,00001,54100,1
007210,KR7007210008,0,00001,2295,1
007280,KR7007280001,0,00001,1750,1
007310,KR7007310006,0,00001,726000,1
007340,KR7007340003,0,00001,34250,1
007460,KR7007460009,0,00001,3665,1
007540,KR7007540008,0,00001,48800,1
007570,KR7007570005,0,00001,26100,1
007575,KR7007571003,0,00001,20550,1
007590,KR7007590003,0,00001,7000,1
007610,KR7007610009,0,00001,3595,1
007630,KR7007630007,0,00001,2265,1
007660,KR7007660004,0,00001,4565,1
007690,KR7007690001,0,00001,46650,1
007700,KR7007700008,0,00001,77000,1
007810,KR7007810005,0,00001,5440,1
007815,KR7007811003,0,00001,2790,1
00781K,KR700781K015,0,00001,4725,1
007860,KR7007860000,0,00001,4155,1
007980,KR7007980006,0,00001,3095,1
008040,KR7008040008,0,00001,1405,1
008060,KR7008060006,0,00001,12500,1
00806K,KR700806K010,0,00001,6670,1
008110,KR7008110009,0,00001,3750,1
008250,KR7008250003,0,00001,9080,1
008260,KR7008260002,0,00001,2950,1
008350,KR7008350001,0,00001,3790,1
008355,KR7008351009,0,00001,39950,1
008420,KR7008420002,0,00001,2935,1
008490,KR7008490005,0,00001,33400,1
008500,KR7008500001,0,00001,20300,1
008560,KR7008560005,0,00001,4760,1
008600,KR7008600009,0,00001,1220,1
008700,KR7008700007,0,00001,2880,1
008730,KR7008730004,0,00001,13200,1
008770,KR7008770000,0,00001,93600,1
008775,KR7008771008,0,00001,51500,1
008870,KR7008870008,0,00001,69300,1
008930,KR7008930000,0,00001,67800,1
008970,KR7008970006,0,00001,1195,1
009070,KR7009070004,0,00001,3200,1
009140,KR7009140005,0,00001,40000,1
009150,KR7009150004,0,00001,96800,1
009155,KR7009151002,0,00001,42400,1
009160,KR7009160003,0,00001,2760,1
009180,KR7009180001,0,00001,1345,1
009190,KR7009190000,0,00001,6750,1
009200,KR7009200007,0,00001,3110,1
009240,KR7009240003,0,00001,90700,1
009270,KR7009270000,0,00001,1895,1
009275,KR7009271008,0,00001,53400,1
009290,KR7009290008,0,00001,6810,1
009310,KR7009310004,0,00001,1515,1
009320,KR7009320003,0,00001,2125,1
009410,KR7009410002,0,00001,12650,1
009415,KR7009411000,0,00001,6690,1
009420,KR7009420001,0,00001,27650,1
009440,KR7009440009,0,00001,4710,1
009450,KR7009450008,0,00001,46100,1
009460,KR7009460007,0,00001,3235,1
009470,KR7009470006,0,00001,17000,1
009540,KR7009540006,0,00001,111500,1
009580,KR7009580002,0,00001,5130,1
009680,KR7009680000,0,00001,10700,1
009770,KR7009770009,0,00001,35150,1
009810,KR7009810003,0,00001,813,1
009830,KR7009830001,0,00001,21300,1
009835,KR7009831009,0,00001,13000,1
009970,KR7009970005,0,00001,64600,1
010040,KR7010040004,0,00001,5510,1
010050,KR7010050003,0,00001,725,1
010060,KR7010060002,0,00001,86200,1
010100,KR7010100006,0,00001,1680,1
010120,KR7010120004,0,00001,44850,1
010130,KR7010130003,0,00001,435500,1
010140,KR7010140002,0,00001,7700,1
010145,KR7010141000,0,00001,61700,1
010400,KR7010400000,0,00001,10550,1
010420,KR7010420008,0,00001,1415,1
010580,KR7010580009,0,00001,779,1
010600,KR7010600005,0,00001,2640,1
010620,KR7010620003,0,00001,49200,1
010640,KR7010640001,0,00001,2405,1
010660,KR7010660009,0,00001,2010,1
010690,KR7010690006,0,00001,2900,1
010770,KR7010770006,0,00001,4300,1
010780,KR7010780005,0,00001,33400,1
010820,KR7010820009,0,00001,2710,1
010950,KR7010950004,0,00001,82100,1
010955,KR7010951002,0,00001,59700,1
010960,KR7010960003,0,00001,4670,1
011000,KR7011000007,0,00001,4625,1
011070,KR7011070000,0,00001,96600,1
011090,KR7011090008,0,00001,1385,1
011150,KR7011150000,0,00001,2580,1
011155,KR7011151008,0,00001,33650,1
011160,KR7011160009,0,00001,1160,1
011170,KR7011170008,0,00001,265500,1
011200,KR7011200003,0,00001,3430,1
011210,KR7011210002,0,00001,41850,1
011230,KR7011230000,0,00001,3275,1
011280,KR7011280005,0,00001,6980,1
011300,KR7011300001,0,00001,560,1
011330,KR7011330008,0,00001,2440,1
011390,KR7011390002,0,00001,113000,1
011420,KR7011420007,0,00001,1730,1
011500,KR7011500006,0,00001,4165,1
011690,KR7011690005,0,00001,7260,1
011700,KR7011700002,0,00001,2045,1
011760,KR7011760006,0,00001,21650,1
011780,KR7011780004,0,00001,93600,1
011785,KR7011781002,0,00001,35900,1
011790,KR7011790003,0,00001,31050,1
011810,KR7011810009,0,00001,12300,1
011930,KR7011930005,0,00001,1145,1
012030,KR7012030003,0,00001,980,1
012160,KR7012160008,0,00001,1345,1
012170,KR7012170007,0,00001,147,1
012200,KR7012200002,0,00001,3675,1
012205,KR7012201000,0,00001,8710,1
012280,KR7012280004,0,00001,1405,1
012320,KR7012320008,0,00001,38100,1
012330,KR7012330007,0,00001,212000,1
012450,KR7012450003,0,00001,31850,1
012510,KR7012510004,0,00001,63500,1
012600,KR7012600003,0,00001,3775,1
012610,KR7012610002,0,00001,6330,1
012630,KR7012630000,0,00001,15750,1
012690,KR7012690004,0,00001,3525,1
012750,KR7012750006,0,00001,94300,1
012800,KR7012800009,0,00001,1465,1
013000,KR7013000005,0,00001,1875,1
013360,KR7013360003,0,00001,1270,1
013520,KR7013520002,0,00001,2260,1
013570,KR7013570007,0,00001,5610,1
013580,KR7013580006,0,00001,25100,1
013700,KR7013700000,0,00001,1285,1
013870,KR7013870001,0,00001,7200,1
014130,KR7014130009,0,00001,6730,1
014160,KR7014160006,0,00001,1315,1
014280,KR7014280002,0,00001,4055,1
014285,KR7014281000,0,00001,9350,1
014440,KR7014440002,0,00001,3965,1
014530,KR7014530000,0,00001,3370,1
014580,KR7014580005,0,00001,2875,1
014680,KR7014680003,0,00001,84500,1
014710,KR7014710008,0,00001,6150,1
014790,KR7014790000,0,00001,3595,1
014820,KR7014820005,0,00001,35700,1
014825,KR7014821003,0,00001,30250,1
014830,KR7014830004,0,00001,49600,1
014910,KR7014910004,0,00001,2670,1
014915,KR7014911002,0,00001,13750,1
014990,KR7014990006,0,00001,2365,1
015020,KR7015020001,0,00001,679,1
015230,KR7015230006,0,00001,40750,1
015260,KR7015260003,0,00001,480,1
015350,KR7015350002,0,00001,38000,1
015360,KR7015360001,0,00001,42000,1
015540,KR7015540008,0,00001,6270,1
015590,KR7015590003,0,00001,915,1
015760,KR7015760002,0,00001,25200,1
015860,KR7015860000,0,00001,3255,1
015890,KR7015890007,0,00001,5850,1
016090,KR7016090003,0,00001,2420,1
016360,KR7016360000,0,00001,34750,1
016380,KR7016380008,0,00001,10700,1
016385,KR7016381006,0,00001,44500,1
016450,KR7016450009,0,00001,8540,1
016580,KR7016580003,0,00001,18700,1
016590,KR7016590002,0,00001,80400,1
016610,KR7016610008,0,00001,4940,1
016710,KR7016710006,0,00001,7850,1
016740,KR7016740003,0,00001,3240,1
016800,KR7016800005,0,00001,33350,1
016880,KR7016880007,0,00001,2055,1
017040,KR7017040007,0,00001,2485,1
017180,KR7017180001,0,00001,5200,1
017370,KR7017370008,0,00001,5940,1
017390,KR7017390006,0,00001,84500,1
017550,KR7017550005,0,00001,1670,1
017670,KR7017670001,0,00001,251000,1
017800,KR7017800004,0,00001,79300,1
017810,KR7017810003,0,00001,11900,1
017900,KR7017900002,0,00001,2455,1
017940,KR7017940008,0,00001,56600,1
017960,KR7017960006,0,00001,8080,1
018250,KR7018250001,0,00001,48400,1
018260,KR7018260000,0,00001,205500,1
018470,KR7018470005,0,00001,924,1
018500,KR7018500009,0,00001,857,1
018670,KR7018670000,0,00001,77800,1
018880,KR7018880005,0,00001,11100,1
019170,KR7019170000,0,00001,6840,1
019175,KR7019171008,0,00001,6330,1
019180,KR7019180009,0,00001,3260,1
019440,KR7019440007,0,00001,14900,1
019490,KR7019490002,0,00001,4500,1
019680,KR7019680008,0,00001,6080,1
019685,KR7019681006,0,00001,4560,1
020000,KR7020000006,0,00001,43050,1
020120,KR7020120002,0,00001,2775,1
020150,KR7020150009,0,00001,31950,1
020560,KR7020560009,0,00001,5580,1
020760,KR7020760005,0,00001,4480,1
021050,KR7021050000,0,00001,1320,1
021240,KR7021240007,0,00001,77200,1
021820,KR7021820006,0,00001,8310,1
023000,KR7023000003,0,00001,3030,1
023150,KR7023150006,0,00001,6770,1
023350,KR7023350002,0,00001,4330,1
023450,KR7023450000,0,00001,24350,1
023530,KR7023530009,0,00001,160000,1
023590,KR7023590003,0,00001,24700,1
023800,KR7023800006,0,00001,6140,1
023810,KR7023810005,0,00001,3930,1
023960,KR7023960008,0,00001,1620,1
024070,KR7024070005,0,00001,2665,1
024090,KR7024090003,0,00001,12650,1
024110,KR7024110009,0,00001,13900,1
024720,KR7024720005,0,00001,31050,1
024890,KR7024890006,0,00001,1870,1
024900,KR7024900003,0,00001,1510,1
025000,KR7025000001,0,00001,54300,1
025530,KR7025530007,0,00001,3275,1
025540,KR7025540006,0,00001,64900,1
025560,KR7025560004,0,00001,148,1
025620,KR7025620006,0,00001,6460,1
025750,KR7025750001,0,00001,1370,1
025820,KR7025820002,0,00001,2145,1
025860,KR7025860008,0,00001,10250,1
025890,KR7025890005,0,00001,1840,1
026890,KR7026890004,0,00001,5640,1
026940,KR7026940007,0,00001,3480,1
026960,KR7026960005,0,00001,19900,1
027390,KR7027390004,0,00001,24150,1
027410,KR7027410000,0,00001,7660,1
027740,KR7027740000,0,00001,1095,1
027970,KR7027970003,0,00001,1450,1
028050,KR7028050003,0,00001,16950,1
028100,KR7028100006,0,00001,20600,1
028260,KR7028260008,0,00001,94500,1
02826K,KR702826K016,0,00001,69800,1
028670,KR7028670008,0,00001,4280,1
029460,KR7029460003,0,00001,14100,1
029530,KR7029530003,0,00001,47500,1
029780,KR7029780004,0,00001,36700,1
030000,KR7030000004,0,00001,26750,1
030200,KR7030200000,0,00001,27100,1
030210,KR7030210009,0,00001,2850,1
030610,KR7030610000,0,00001,11000,1
030720,KR7030720007,0,00001,8610,1
030790,KR7030790000,0,00001,1905,1
031430,KR7031430002,0,00001,282000,1
031440,KR7031440001,0,00001,89800,1
031820,KR7031820004,0,00001,1685,1
032350,KR7032350001,0,00001,12100,1
032560,KR7032560005,0,00001,8050,1
032640,KR7032640005,0,00001,14000,1
032830,KR7032830002,0,00001,81500,1
033180,KR7033180001,0,00001,6400,1
033240,KR7033240003,0,00001,12200,1
033250,KR7033250002,0,00001,1750,1
033270,KR7033270000,0,00001,23550,1
033530,KR7033530007,0,00001,6140,1
033660,KR7033660002,0,00001,10600,1
033780,KR7033780008,0,00001,102000,1
033920,KR7033920000,0,00001,11000,1
034020,KR7034020008,0,00001,6010,1
034120,KR7034120006,0,00001,21600,1
034220,KR7034220004,0,00001,16350,1
034300,KR7034300004,0,00001,28300,1
034310,KR7034310003,0,00001,21950,1
034590,KR7034590000,0,00001,29400,1
034730,KR7034730002,0,00001,237500,1
03473K,KR703473K016,0,00001,141500,1
034830,KR7034830000,0,00001,2360,1
035000,KR7035000009,0,00001,8090,1
035150,KR7035150002,0,00001,10650,1
035250,KR7035250000,0,00001,30650,1
035420,KR7035420009,0,00001,113000,1
035510,KR7035510007,0,00001,126000,1
035720,KR7035720002,0,00001,124000,1
036460,KR7036460004,0,00001,41300,1
036530,KR7036530004,0,00001,12150,1
036570,KR7036570000,0,00001,491000,1
036580,KR7036580009,0,00001,6890,1
037270,KR7037270006,0,00001,1590,1
037560,KR7037560000,0,00001,7580,1
037710,KR7037710001,0,00001,193000,1
039130,KR7039130000,0,00001,59900,1
039490,KR7039490008,0,00001,83200,1
039570,KR7039570007,0,00001,10000,1
041650,KR7041650003,0,00001,3950,1
042660,KR7042660001,0,00001,29200,1
042670,KR7042670000,0,00001,6380,1
042700,KR7042700005,0,00001,7090,1
044380,KR7044380004,0,00001,443,1
044450,KR7044450005,0,00001,6810,1
044820,KR7044820009,0,00001,18050,1
047040,KR7047040001,0,00001,4920,1
047050,KR7047050000,0,00001,16850,1
047400,KR7047400007,0,00001,3195,1
047810,KR7047810007,0,00001,32350,1
049770,KR7049770001,0,00001,258500,1
049800,KR7049800006,0,00001,5120,1
051600,KR7051600005,0,00001,30450,1
051630,KR7051630002,0,00001,4425,1
051900,KR7051900009,0,00001,1287000,1
051905,KR7051901007,0,00001,718000,1
051910,KR7051910008,0,00001,327000,1
051915,KR7051911006,0,00001,184000,1
052690,KR7052690005,0,00001,21050,1
053210,KR7053210001,0,00001,10950,1
053690,KR7053690004,0,00001,10600,1
055490,KR7055490007,0,00001,18850,1
055550,KR7055550008,0,00001,46300,1
057050,KR7057050007,0,00001,93200,1
058430,KR7058430000,0,00001,18400,1
058650,KR7058650003,0,00001,92800,1
058730,KR7058730003,0,00001,6570,1
058850,KR7058850009,0,00001,2285,1
058860,KR7058860008,0,00001,2445,1
060980,KR7060980000,0,00001,40850,1
063160,KR7063160006,0,00001,25000,1
064350,KR7064350002,0,00001,19100,1
064960,KR7064960008,0,00001,36400,1
066570,KR7066570003,0,00001,75300,1
066575,KR7066571001,0,00001,30350,1
067830,KR7067830000,0,00001,3700,1
068270,KR7068270008,0,00001,180500,1
068290,KR7068290006,0,00001,16850,1
068400,KR7068400001,0,00001,10250,1
069260,KR7069260008,0,00001,21350,1
069460,KR7069460004,0,00001,3650,1
069500,KR7069500007,1,00001,26665,1
069620,KR7069620003,0,00001,159000,1
069640,KR7069640001,0,00001,5600,1
069660,KR7069660009,1,00001,26840,1
069730,KR7069730000,0,00001,4800,1
069960,KR7069960003,0,00001,85500,1
070960,KR7070960000,0,00001,6640,1
071050,KR7071050009,0,00001,70200,1
071055,KR7071051007,0,00001,42900,1
071090,KR7071090005,0,00001,20850,1
071320,KR7071320006,0,00001,52600,1
071840,KR7071840003,0,00001,43200,1
071950,KR7071950000,0,00001,1420,1
071970,KR7071970008,0,00001,3995,1
072130,KR7072130008,0,00001,4400,1
072710,KR7072710007,0,00001,83200,1
073240,KR7073240004,0,00001,4030,1
074610,KR7074610007,0,00001,5670,1
075180,KR7075180000,0,00001,5480,1
075580,KR7075580001,0,00001,5030,1
077500,KR7077500007,0,00001,6650,1
077970,KR7077970002,0,00001,7060,1
078000,KR7078000007,0,00001,16650,1
078520,KR7078520004,0,00001,10000,1
078930,KR7078930005,0,00001,49550,1
078935,KR7078931003,0,00001,36900,1
079160,KR7079160008,0,00001,35000,1
079430,KR7079430005,0,00001,19050,1
079440,KR7079440004,0,00001,33150,1
079550,KR7079550000,0,00001,34250,1
079660,KR7079660007,0,00001,8830,1
079980,KR7079980009,0,00001,7250,1
081000,KR7081000002,0,00001,28000,1
081660,KR7081660003,0,00001,83600,1
082640,KR7082640004,0,00001,4235,1
082740,KR7082740002,0,00001,4010,1
083370,KR7083370007,0,00001,5010,1
083380,KR7083380006,0,00001,5010,1
083420,KR7083420000,0,00001,3685,1
084010,KR7084010008,0,00001,7890,1
084670,KR7084670009,0,00001,26450,1
084680,KR7084680008,0,00001,3030,1
084690,KR7084690007,0,00001,7840,1
084695,KR7084691005,0,00001,6250,1
084870,KR7084870005,0,00001,2615,1
085310,KR7085310001,0,00001,1355,1
085620,KR7085620003,0,00001,4965,1
086280,KR7086280005,0,00001,154500,1
086790,KR7086790003,0,00001,36750,1
088260,KR7088260005,0,00001,5330,1
088350,KR7088350004,0,00001,3385,1
088790,KR7088790001,0,00001,4145,1
088980,KR7088980008,0,00001,11850,1
089470,KR7089470009,0,00001,5200,1
089590,KR7089590004,0,00001,34350,1
090080,KR7090080003,0,00001,1985,1
090350,KR7090350000,0,00001,7330,1
090355,KR7090351008,0,00001,13050,1
090370,KR7090370008,0,00001,2335,1
090430,KR7090430000,0,00001,186500,1
090435,KR7090431008,0,00001,98400,1
091090,KR7091090001,0,00001,3420,1
091160,KR7091160002,1,00001,19720,1
091170,KR7091170001,1,00001,7420,1
091180,KR7091180000,1,00001,14295,1
091210,KR7091210005,1,00001,42985,1
091220,KR7091220004,1,00001,7635,1
091230,KR7091230003,1,00001,20015,1
091810,KR7091810002,0,00001,6990,1
092200,KR7092200005,0,00001,5150,1
092220,KR7092220003,0,00001,1245,1
092230,KR7092230002,0,00001,57800,1
092440,KR7092440007,0,00001,4010,1
092780,KR7092780006,0,00001,5120,1
093050,KR7093050003,0,00001,22400,1
093230,KR7093230001,0,00001,233,1
093240,KR7093240000,0,00001,1780,1
093370,KR7093370005,0,00001,7280,1
094280,KR7094280005,0,00001,10300,1
094800,KR7094800000,0,00001,4265,1
095570,KR7095570008,0,00001,5250,1
095720,KR7095720009,0,00001,2585,1
096300,KR7096300009,0,00001,408,1
096760,KR7096760004,0,00001,6270,1
096770,KR7096770003,0,00001,169500,1
096775,KR7096771001,0,00001,119000,1
097230,KR7097230007,0,00001,8470,1
097750,KR7097750004,1,00001,7670,1
097950,KR7097950000,0,00001,285000,1
097955,KR7097951008,0,00001,124500,1
098560,KR7098560006,1,00001,8835,1
099140,KR7099140006,1,00001,20570,1
099340,KR7099340002,0,00001,956,1
099350,KR7099350001,0,00001,2275,1
100220,KR7100220003,0,00001,8810,1
100250,KR7100250000,0,00001,2545,1
100840,KR7100840008,0,00001,12750,1
100910,KR7100910009,1,00001,4325,1
101060,KR7101060002,0,00001,2270,1
101140,KR7101140002,0,00001,3805,1
101280,KR7101280006,1,00001,12750,1
101530,KR7101530004,0,00001,9030,1
102110,KR7102110004,1,00001,26655,1
102260,KR7102260007,0,00001,5860,1
102280,KR7102280005,0,00001,1245,1
102460,KR7102460003,0,00001,16500,1
102780,KR7102780004,1,00001,6240,1
102960,KR7102960002,1,00001,4410,1
102970,KR7102970001,1,00001,6595,1
103130,KR7103130001,0,00001,914,1
103140,KR7103140000,0,00001,24550,1
103590,KR7103590006,0,00001,3085,1
104520,KR7104520002,1,00001,7530,1
104530,KR7104530001,1,00001,7990,1
104700,KR7104700000,0,00001,6080,1
105010,KR7105010003,1,00001,3905,1
105190,KR7105190003,1,00001,26715,1
105560,KR7105560007,0,00001,46150,1
105630,KR7105630008,0,00001,23000,1
105780,KR7105780001,1,00001,5115,1
105840,KR7105840003,0,00001,5640,1
107590,KR7107590002,0,00001,43100,1
108450,KR7108450008,1,00001,9220,1
108590,KR7108590001,1,00001,26760,1
108670,KR7108670001,0,00001,55800,1
108675,KR7108671009,0,00001,31650,1
109070,KR7109070003,0,00001,3260,1
111110,KR7111110003,0,00001,12800,1
111770,KR7111770004,0,00001,39850,1
112610,KR7112610001,0,00001,38900,1
114090,KR7114090004,0,00001,21200,1
114100,KR7114100001,1,00001,112325,1
114260,KR7114260003,1,00001,56285,1
114460,KR7114460009,1,00001,106685,1
114470,KR7114470008,1,00001,111840,1
114800,KR7114800006,1,00001,7145,1
114820,KR7114820004,1,00001,110535,1
115390,KR7115390007,0,00001,15700,1
117460,KR7117460006,1,00001,10515,1
117580,KR7117580001,0,00001,5400,1
117680,KR7117680009,1,00001,7245,1
117690,KR7117690008,1,00001,16665,1
117700,KR7117700005,1,00001,2970,1
118000,KR7118000009,0,00001,2290,1
119650,KR7119650000,0,00001,6740,1
120030,KR7120030002,0,00001,81100,1
120110,KR7120110002,0,00001,44450,1
120115,KR7120111000,0,00001,20550,1
122090,KR7122090004,1,00001,17865,1
122260,KR7122260003,1,00001,101685,1
122630,KR7122630007,1,00001,11685,1
122900,KR7122900004,0,00001,11100,1
123310,KR7123310005,1,00001,7755,1
123320,KR7123320004,1,00001,10835,1
123690,KR7123690000,0,00001,10300,1
123700,KR7123700007,0,00001,3420,1
123890,KR7123890006,0,00001,3925,1
126560,KR7126560002,0,00001,4005,1
128820,KR7128820008,0,00001,4900,1
128940,KR7128940004,0,00001,402500,1
129260,KR7129260006,0,00001,2540,1
130660,KR7130660004,0,00001,3475,1
130680,KR7130680002,1,00001,4285,1
130730,KR7130730005,1,00001,101500,1
131890,KR7131890006,1,00001,13170,1
132030,KR7132030008,1,00001,9225,1
133690,KR7133690008,1,00001,39315,1
133820,KR7133820001,0,00001,3740,1
134380,KR7134380005,0,00001,41750,1
134790,KR7134790005,0,00001,43450,1
136340,KR7136340007,1,00001,104300,1
136490,KR7136490000,0,00001,12200,1
137610,KR7137610002,1,00001,4565,1
137930,KR7137930004,1,00001,11750,1
138040,KR7138040001,0,00001,14400,1
138230,KR7138230008,1,00001,12445,1
138250,KR7138250006,0,00001,12250,1
138490,KR7138490008,0,00001,5290,1
138520,KR7138520002,1,00001,8575,1
138530,KR7138530001,1,00001,6985,1
138540,KR7138540000,1,00001,16895,1
138910,KR7138910005,1,00001,5280,1
138920,KR7138920004,1,00001,7745,1
138930,KR7138930003,0,00001,7110,1
139130,KR7139130009,0,00001,8230,1
139220,KR7139220008,1,00001,2695,1
139230,KR7139230007,1,00001,2805,1
139240,KR7139240006,1,00001,7440,1
139250,KR7139250005,1,00001,12115,1
139260,KR7139260004,1,00001,19640,1
139270,KR7139270003,1,00001,7195,1
139280,KR7139280002,1,00001,10310,1
139290,KR7139290001,1,00001,13710,1
139310,KR7139310007,1,00001,4870,1
139320,KR7139320006,1,00001,7185,1
139480,KR7139480008,0,00001,143500,1
139660,KR7139660005,1,00001,10325,1
140570,KR7140570003,1,00001,8635,1
140580,KR7140580002,1,00001,9665,1
140700,KR7140700006,1,00001,7215,1
140710,KR7140710005,1,00001,3085,1
140910,KR7140910001,0,00001,6070,1
140950,KR7140950007,1,00001,20565,1
143210,KR7143210003,0,00001,6250,1
143460,KR7143460004,1,00001,6640,1
143850,KR7143850006,1,00001,33480,1
143860,KR7143860005,1,00001,30415,1
144600,KR7144600004,1,00001,3260,1
144620,KR7144620002,0,00001,2015,1
145210,KR7145210001,0,00001,2990,1
145270,KR7145270005,0,00001,912,1
145670,KR7145670006,1,00001,8635,1
145720,KR7145720009,0,00001,71700,1
145850,KR7145850004,1,00001,27470,1
145990,KR7145990008,0,00001,53300,1
145995,KR7145991006,0,00001,37600,1
147970,KR7147970008,1,00001,21075,1
148020,KR7148020001,1,00001,26660,1
148070,KR7148070006,1,00001,123770,1
150460,KR7150460004,1,00001,7655,1
152100,KR7152100004,1,00001,26690,1
152280,KR7152280004,1,00001,11775,1
152330,KR7152330007,0,00001,18550,1
152380,KR7152380002,1,00001,69780,1
152500,KR7152500005,1,00001,4545,1
152550,KR7152550000,0,00001,1740,1
152870,KR7152870002,1,00001,27125,1
153130,KR7153130000,1,00001,100740,1
153270,KR7153270004,1,00001,20430,1
153360,KR7153360003,0,00001,1835,1
155660,KR7155660004,0,00001,4820,1
155900,KR7155900004,0,00001,3015,1
156080,KR7156080004,1,00001,12450,1
157450,KR7157450008,1,00001,100720,1
157490,KR7157490004,1,00001,7400,1
157500,KR7157500000,1,00001,3855,1
159650,KR7159650001,0,00001,1735,1
159800,KR7159800002,1,00001,20365,1
160580,KR7160580007,1,00001,6685,1
161000,KR7161000005,0,00001,7810,1
161390,KR7161390000,0,00001,35850,1
161510,KR7161510003,1,00001,11845,1
161890,KR7161890009,0,00001,64200,1
163560,KR7163560006,0,00001,6480,1
166400,KR7166400002,1,00001,11810,1
167860,KR7167860006,1,00001,135385,1
168300,KR7168300002,1,00001,18220,1
168490,KR7168490001,0,00001,2280,1
168580,KR7168580009,1,00001,21225,1
169950,KR7169950003,1,00001,16270,1
170350,KR7170350003,1,00001,11810,1
170900,KR7170900005,0,00001,98600,1
172580,KR7172580003,0,00001,2855,1
174350,KR7174350009,1,00001,11905,1
174360,KR7174360008,1,00001,15485,1
175330,KR7175330000,0,00001,5510,1
176710,KR7176710002,1,00001,101575,1
176950,KR7176950004,1,00001,46375,1
180640,KR7180640005,0,00001,44250,1
18064K,KR718064K016,0,00001,56800,1
181480,KR7181480005,1,00001,78190,1
181710,KR7181710005,0,00001,75000,1
182480,KR7182480004,1,00001,13545,1
182490,KR7182490003,1,00001,11640,1
183190,KR7183190008,0,00001,91500,1
183700,KR7183700004,1,00001,55015,1
183710,KR7183710003,1,00001,32125,1
185680,KR7185680006,1,00001,21930,1
185750,KR7185750007,0,00001,92900,1
189400,KR7189400005,1,00001,12990,1
190150,KR7190150003,1,00001,115820,1
190160,KR7190160002,1,00001,110155,1
190620,KR7190620005,1,00001,100805,1
192080,KR7192080000,0,00001,70500,1
192090,KR7192090009,1,00001,8180,1
192400,KR7192400000,0,00001,138000,1
192650,KR7192650000,0,00001,11850,1
192720,KR7192720001,1,00001,27295,1
192820,KR7192820009,0,00001,110500,1
194370,KR7194370003,0,00001,18900,1
195870,KR7195870001,0,00001,15200,1
195920,KR7195920004,1,00001,12785,1
195930,KR7195930003,1,00001,11300,1
195970,KR7195970009,1,00001,10065,1
195980,KR7195980008,1,00001,10020,1
196030,KR7196030001,1,00001,13715,1
196220,KR7196220008,1,00001,13165,1
196230,KR7196230007,1,00001,104215,1
200020,KR7200020006,1,00001,22425,1
200030,KR7200030005,1,00001,15640,1
200040,KR7200040004,1,00001,16720,1
200250,KR7200250009,1,00001,14330,1
200880,KR7200880003,0,00001,6040,1
203780,KR7203780002,1,00001,14445,1
204210,KR7204210009,0,00001,3025,1
204320,KR7204320006,0,00001,29600,1
204420,KR7204420004,1,00001,6220,1
204450,KR7204450001,1,00001,7135,1
204480,KR7204480008,1,00001,16830,1
205720,KR7205720006,1,00001,6350,1
207940,KR7207940008,0,00001,299000,1
208470,KR7208470005,1,00001,12965,1
210540,KR7210540001,0,00001,13550,1
210780,KR7210780003,1,00001,11640,1
210980,KR7210980009,0,00001,28300,1
211210,KR7211210000,1,00001,11725,1
211260,KR7211260005,1,00001,29465,1
211560,KR7211560008,1,00001,14600,1
211900,KR7211900006,1,00001,11695,1
213500,KR7213500002,0,00001,13900,1
213610,KR7213610009,1,00001,6935,1
213630,KR7213630007,1,00001,12755,1
214320,KR7214320004,0,00001,73300,1
214330,KR7214330003,0,00001,5110,1
214390,KR7214390007,0,00001,9560,1
214420,KR7214420002,0,00001,9780,1
214980,KR7214980005,1,00001,100785,1
215620,KR7215620006,1,00001,10265,1
217770,KR7217770007,1,00001,9380,1
217780,KR7217780006,1,00001,11925,1
217790,KR7217790005,1,00001,24070,1
218420,KR7218420008,1,00001,8475,1
219390,KR7219390002,1,00001,5495,1
219480,KR7219480001,1,00001,13575,1
219900,KR7219900008,1,00001,3035,1
220130,KR7220130009,1,00001,3705,1
222180,KR7222180002,1,00001,9100,1
222190,KR7222190001,1,00001,8235,1
222200,KR7222200008,1,00001,8840,1
223190,KR7223190000,1,00001,7940,1
225030,KR7225030006,1,00001,6780,1
225040,KR7225040005,1,00001,16160,1
225050,KR7225050004,1,00001,7900,1
225060,KR7225060003,1,00001,9930,1
225130,KR7225130004,1,00001,10690,1
225800,KR7225800002,1,00001,9715,1
226320,KR7226320000,0,00001,23600,1
226380,KR7226380004,1,00001,6340,1
226490,KR7226490001,1,00001,20640,1
226810,KR7226810000,1,00001,105780,1
226980,KR7226980001,1,00001,9070,1
227540,KR7227540002,1,00001,17890,1
227550,KR7227550001,1,00001,4810,1
227560,KR7227560000,1,00001,11130,1
227570,KR7227570009,1,00001,10830,1
227830,KR7227830007,1,00001,20865,1
227840,KR7227840006,0,00001,14400,1
228790,KR7228790002,1,00001,3445,1
228800,KR7228800009,1,00001,4610,1
228810,KR7228810008,1,00001,6060,1
228820,KR7228820007,1,00001,6405,1
229200,KR7229200001,1,00001,10775,1
229640,KR7229640008,0,00001,6800,1
229720,KR7229720008,1,00001,13035,1
230480,KR7230480006,1,00001,8450,1
232080,KR7232080002,1,00001,10830,1
232590,KR7232590000,1,00001,6390,1
233160,KR7233160001,1,00001,10590,1
233740,KR7233740000,1,00001,10085,1
234080,KR7234080000,0,00001,25550,1
234310,KR7234310001,1,00001,10960,1
236350,KR7236350005,1,00001,18415,1
236460,KR7236460002,1,00001,9490,1
237350,KR7237350004,1,00001,20460,1
237370,KR7237370002,1,00001,10495,1
237440,KR7237440003,1,00001,9400,1
238670,KR7238670004,1,00001,10075,1
238720,KR7238720007,1,00001,13780,1
239660,KR7239660004,1,00001,105590,1
241180,KR7241180009,1,00001,13425,1
241390,KR7241390004,1,00001,10490,1
241560,KR7241560002,0,00001,32000,1
241590,KR7241590009,0,00001,15250,1
243880,KR7243880002,1,00001,20415,1
243890,KR7243890001,1,00001,9270,1
244580,KR7244580007,1,00001,9605,1
244620,KR7244620001,1,00001,9600,1
244660,KR7244660007,1,00001,9255,1
244670,KR7244670006,1,00001,8275,1
245340,KR7245340005,1,00001,15400,1
245350,KR7245350004,1,00001,12525,1
245360,KR7245360003,1,00001,12695,1
245710,KR7245710009,1,00001,13530,1
247780,KR7247780000,1,00001,10110,1
247790,KR7247790009,1,00001,9700,1
247800,KR7247800006,1,00001,11735,1
248170,KR7248170003,0,00001,30250,1
248260,KR7248260002,1,00001,10150,1
248270,KR7248270001,1,00001,12470,1
249420,KR7249420001,0,00001,20150,1
250730,KR7250730009,1,00001,11580,1
250780,KR7250780004,1,00001,7845,1
251270,KR7251270005,0,00001,112000,1
251340,KR7251340006,1,00001,7710,1
251350,KR7251350005,1,00001,13590,1
251590,KR7251590006,1,00001,10245,1
251600,KR7251600003,1,00001,10450,1
251890,KR7251890000,1,00001,10135,1
252000,KR7252000005,1,00001,9445,1
252400,KR7252400007,1,00001,10560,1
252410,KR7252410006,1,00001,9175,1
252420,KR7252420005,1,00001,7920,1
252650,KR7252650007,1,00001,9425,1
252670,KR7252670005,1,00001,7875,1
252710,KR7252710009,1,00001,8015,1
252720,KR7252720008,1,00001,10770,1
252730,KR7252730007,1,00001,11170,1
253150,KR7253150007,1,00001,21045,1
253160,KR7253160006,1,00001,15850,1
253230,KR7253230007,1,00001,7905,1
253240,KR7253240006,1,00001,9210,1
253250,KR7253250005,1,00001,10570,1
253280,KR7253280002,1,00001,9940,1
253290,KR7253290001,1,00001,10355,1
253990,KR7253990006,1,00001,12360,1
256440,KR7256440009,1,00001,9575,1
256450,KR7256450008,1,00001,6495,1
256750,KR7256750001,1,00001,6530,1
260200,KR7260200001,1,00001,14470,1
260270,KR7260270004,1,00001,12720,1
261060,KR7261060008,1,00001,10735,1
261070,KR7261070007,1,00001,10270,1
261110,KR7261110001,1,00001,10080,1
261120,KR7261120000,1,00001,9610,1
261140,KR7261140008,1,00001,9275,1
261220,KR7261220008,1,00001,21240,1
261240,KR7261240006,1,00001,10305,1
261250,KR7261250005,1,00001,10110,1
261260,KR7261260004,1,00001,9615,1
261270,KR7261270003,1,00001,9965,1
261920,KR7261920003,1,00001,15940,1
263190,KR7263190001,1,00001,52080,1
264900,KR7264900002,0,00001,9860,1
26490K,KR726490K013,0,00001,7980,1
265690,KR7265690008,1,00001,26285,1
266140,KR7266140003,1,00001,13005,1
266160,KR7266160001,1,00001,9695,1
266360,KR7266360007,1,00001,10735,1
266370,KR7266370006,1,00001,11145,1
266390,KR7266390004,1,00001,11315,1
266410,KR7266410000,1,00001,8960,1
266420,KR7266420009,1,00001,13385,1
266550,KR7266550003,1,00001,9015,1
267250,KR7267250009,0,00001,311500,1
267260,KR7267260008,0,00001,17650,1
267270,KR7267270007,0,00001,39650,1
267290,KR7267290005,0,00001,31000,1
267300,KR7267300002,1,00001,11785,1
267440,KR7267440006,1,00001,10310,1
267450,KR7267450005,1,00001,9585,1
267490,KR7267490001,1,00001,10345,1
267500,KR7267500007,1,00001,9010,1
267770,KR7267770006,1,00001,8810,1
267850,KR7267850006,0,00001,16050,1
268280,KR7268280005,0,00001,73200,1
269370,KR7269370003,1,00001,11010,1
269420,KR7269420006,1,00001,11530,1
269530,KR7269530002,1,00001,11285,1
269540,KR7269540001,1,00001,11905,1
270800,KR7270800006,1,00001,10305,1
270810,KR7270810005,1,00001,10705,1
271050,KR7271050007,1,00001,13200,1
271060,KR7271060006,1,00001,7940,1
271560,KR7271560005,0,00001,88900,1
271980,KR7271980005,0,00001,36000,1
272220,KR7272220005,1,00001,11110,1
272230,KR7272230004,1,00001,10220,1
272450,KR7272450008,0,00001,19950,1
272550,KR7272550005,0,00001,17600,1
272560,KR7272560004,1,00001,100910,1
272570,KR7272570003,1,00001,102195,1
272580,KR7272580002,1,00001,50395,1
272910,KR7272910001,1,00001,101620,1
273130,KR7273130005,1,00001,106185,1
273140,KR7273140004,1,00001,100740,1
275280,KR7275280006,1,00001,8385,1
275290,KR7275290005,1,00001,8715,1
275300,KR7275300002,1,00001,8280,1
275540,KR7275540003,1,00001,13340,1
275750,KR7275750008,1,00001,8055,1
275980,KR7275980001,1,00001,11095,1
276000,KR7276000007,1,00001,10730,1
276650,KR7276650009,1,00001,12115,1
276970,KR7276970001,1,00001,9525,1
276990,KR7276990009,1,00001,10705,1
277540,KR7277540001,1,00001,10250,1
277630,KR7277630000,1,00001,20695,1
277640,KR7277640009,1,00001,9925,1
277650,KR7277650008,1,00001,11820,1
278240,KR7278240007,1,00001,9725,1
278420,KR7278420005,1,00001,8445,1
278530,KR7278530001,1,00001,8360,1
278540,KR7278540000,1,00001,8210,1
278620,KR7278620000,1,00001,103365,1
279530,KR7279530000,1,00001,8440,1
279540,KR7279540009,1,00001,8970,1
280320,KR7280320003,1,00001,13050,1
280360,KR7280360009,0,00001,173500,1
280920,KR7280920000,1,00001,7660,1
280930,KR7280930009,1,00001,10145,1
280940,KR7280940008,1,00001,10355,1
281820,KR7281820001,0,00001,13550,1
281990,KR7281990002,1,00001,8775,1
282000,KR7282000009,1,00001,99695,1
282330,KR7282330000,0,00001,202000,1
282690,KR7282690007,0,00001,13000,1
283580,KR7283580009,1,00001,9465,1
283930,KR7283930006,1,00001,7660,1
284430,KR7284430006,1,00001,10335,1
284740,KR7284740008,0,00001,51400,1
284980,KR7284980000,1,00001,8910,1
284990,KR7284990009,1,00001,8055,1
285000,KR7285000006,1,00001,8835,1
285010,KR7285010005,1,00001,8775,1
285020,KR7285020004,1,00001,7100,1
285130,KR7285130001,0,00001,57800,1
28513K,KR728513K010,0,00001,23600,1
285690,KR7285690004,1,00001,8220,1
286940,KR7286940002,0,00001,45400,1
287180,KR7287180004,1,00001,12300,1
287300,KR7287300008,1,00001,10805,1
287310,KR7287310007,1,00001,8475,1
287320,KR7287320006,1,00001,8780,1
287330,KR7287330005,1,00001,8405,1
289040,KR7289040008,1,00001,8005,1
289250,KR7289250003,1,00001,7920,1
289260,KR7289260002,1,00001,7650,1
289480,KR7289480006,1,00001,9280,1
289670,KR7289670002,1,00001,55930,1
290080,KR7290080001,1,00001,9665,1
290130,KR7290130004,1,00001,8230,1
291130,KR7291130003,1,00001,9645,1
291610,KR7291610004,1,00001,6775,1
291620,KR7291620003,1,00001,13805,1
291630,KR7291630002,1,00001,4135,1
291660,KR7291660009,1,00001,11530,1
291680,KR7291680007,1,00001,11170,1
291890,KR7291890002,1,00001,8045,1
292050,KR7292050002,1,00001,12390,1
292100,KR7292100005,1,00001,7705,1
292110,KR7292110004,1,00001,8645,1
292120,KR7292120003,1,00001,8160,1
292130,KR7292130002,1,00001,7800,1
292140,KR7292140001,1,00001,8525,1
292150,KR7292150000,1,00001,7825,1
292160,KR7292160009,1,00001,12325,1
292190,KR7292190006,1,00001,12315,1
292340,KR7292340007,1,00001,7990,1
292500,KR7292500006,1,00001,12420,1
292560,KR7292560000,1,00001,10740,1
292570,KR7292570009,1,00001,11170,1
292580,KR7292580008,1,00001,9415,1
292590,KR7292590007,1,00001,8665,1
292730,KR7292730009,1,00001,12400,1
292750,KR7292750007,1,00001,12290,1
292770,KR7292770005,1,00001,49815,1
293180,KR7293180006,1,00001,26670,1
293480,KR7293480000,0,00001,24500,1
293940,KR7293940003,0,00001,6490,1
294400,KR7294400007,1,00001,30260,1
294870,KR7294870001,0,00001,43250,1
295000,KR7295000004,1,00001,55145,1
295020,KR7295020002,1,00001,46675,1
295040,KR7295040000,1,00001,8685,1
295820,KR7295820005,1,00001,8435,1
295840,KR7295840003,1,00001,8295,1
295860,KR7295860001,1,00001,8130,1
295880,KR7295880009,1,00001,8310,1
295890,KR7295890008,1,00001,8505,1
296710,KR7296710007,1,00001,8165,1
298000,KR7298000001,0,00001,140000,1
298020,KR7298020009,0,00001,150500,1
298040,KR7298040007,0,00001,35200,1
298050,KR7298050006,0,00001,111500,1
298340,KR7298340001,1,00001,51805,1
298690,KR7298690009,0,00001,5900,1
298770,KR7298770009,1,00001,9070,1
299070,KR7299070003,1,00001,93445,1
299080,KR7299080002,1,00001,99350,1
300280,KR7300280005,1,00001,9135,1
300290,KR7300290004,1,00001,9330,1
300300,KR7300300001,1,00001,8485,1
300310,KR7300310000,1,00001,8710,1
300610,KR7300610003,1,00001,8585,1
300640,KR7300640000,1,00001,9125,1
300720,KR7300720000,0,00001,139000,1
300950,KR7300950003,1,00001,9405,1
301400,KR7301400008,1,00001,10700,1
301410,KR7301410007,1,00001,12185,1
301440,KR7301440004,1,00001,8625,1
302170,KR7302170006,1,00001,49830,1
302180,KR7302180005,1,00001,47545,1
302190,KR7302190004,1,00001,52705,1
302200,KR7302200001,1,00001,48635,1
302210,KR7302210000,1,00001,46780,1
302450,KR7302450002,1,00001,20665,1
304660,KR7304660004,1,00001,10575,1
304670,KR7304670003,1,00001,9435,1
304760,KR7304760002,1,00001,12315,1
304770,KR7304770001,1,00001,10720,1
304780,KR7304780000,1,00001,12635,1
304940,KR7304940000,1,00001,9560,1
305050,KR7305050007,1,00001,20780,1
305080,KR7305080004,1,00001,11210,1
305540,KR7305540007,1,00001,6995,1
305720,KR7305720005,1,00001,7710,1
306200,KR7306200007,0,00001,69200,1
306520,KR7306520008,1,00001,16275,1
306530,KR7306530007,1,00001,8430,1
306540,KR7306540006,1,00001,101140,1
306950,KR7306950007,1,00001,9145,1
306960,KR7306960006,1,00001,10265,1
307010,KR7307010009,1,00001,9170,1
307020,KR7307020008,1,00001,10305,1
307510,KR7307510008,1,00001,11430,1
307520,KR7307520007,1,00001,10570,1
307610,KR7307610006,1,00001,9195,1
307620,KR7307620005,1,00001,10250,1
307950,KR7307950006,0,00001,62700,1
308620,KR7308620004,1,00001,11100,1
309170,KR7309170009,1,00001,10225,1
309180,KR7309180008,1,00001,10155,1
309190,KR7309190007,1,00001,10345,1
309200,KR7309200004,1,00001,11655,1
309210,KR7309210003,1,00001,9470,1
309230,KR7309230001,1,00001,11190,1
310080,KR7310080007,1,00001,9915,1
310960,KR7310960000,1,00001,13580,1
310970,KR7310970009,1,00001,10315,1
314250,KR7314250002,1,00001,10350,1
314700,KR7314700006,1,00001,9695,1
315270,KR7315270009,1,00001,15600,1
315480,KR7315480004,1,00001,9645,1
315930,KR7315930008,1,00001,12405,1
315960,KR7315960005,1,00001,10140,1
316140,KR7316140003,0,00001,13950,1
316300,KR7316300003,1,00001,11125,1
316670,KR7316670009,1,00001,5370,1
319640,KR7319640009,1,00001,9785,1
319870,KR7319870002,1,00001,9985,1
322120,KR7322120007,1,00001,11755,1
322130,KR7322130006,1,00001,11675,1
322150,KR7322150004,1,00001,9220,1
322400,KR7322400003,1,00001,9100,1
322410,KR7322410002,1,00001,9475,1
900140,KYG5307W1015,0,00001,2290,1
500001,KRG501300013,2,00001,9310,1
500002,KRG501300021,2,00001,9120,1
500003,KRG502400036,2,00001,9185,1
500004,KRG502400044,2,00001,9015,1
500005,KRG502400051,2,00001,7780,1
500006,KRG502400069,2,00001,9490,1
500007,KRG501100074,2,00001,10310,1
500008,KRG502400085,2,00001,9730,1
500009,KRG502400093,2,00001,15025,1
500010,KRG502400101,2,00001,6350,1
500011,KRG502400119,2,00001,10725,1
500012,KRG502400127,2,00001,9360,1
500013,KRG502400135,2,00001,6945,1
500014,KRG502400143,2,00001,12990,1
500015,KRG502400150,2,00001,8605,1
500016,KRG502400168,2,00001,10275,1
500017,KRG502400176,2,00001,8455,1
500018,KRG502400184,2,00001,12030,1
500019,KRG502400192,2,00001,14595,1
500020,KRG502100206,2,00001,21410,1
500021,KRG502400218,2,00001,5940,1
500022,KRG502400226,2,00001,11045,1
500023,KRG502400234,2,00001,7200,1
500024,KRG502400242,2,00001,13425,1
500025,KRG507100250,2,00001,10135,1
500026,KRG507100268,2,00001,9560,1
500027,KRG502400275,2,00001,4570,1
500028,KRG502100289,2,00001,6550,1
500029,KRG502400291,2,00001,5600,1
500030,KRG502400309,2,00001,15160,1
500031,KRG502400317,2,00001,11365,1
500032,KRG502400325,2,00001,5150,1
500035,KRG501500356,2,00001,12025,1
500036,KRG501500364,2,00001,7960,1
500037,KRG502400374,2,00001,10225,1
500038,KRG502400382,2,00001,11950,1
500039,KRG501100397,2,00001,9320,1
500040,KRG502400408,2,00001,10150,1
500041,KRG502400416,2,00001,10175,1
500042,KRG501100421,2,00001,9675,1
500043,KRG501100439,2,00001,9755,1
500044,KRG501100447,2,00001,10035,1
500045,KRG502600452,2,00001,22395,1
510001,KRG512400018,2,00001,11850,1
510002,KRG514400024,2,00001,9995,1
510003,KRG514400032,2,00001,11415,1
510004,KRG514400040,2,00001,10580,1
510005,KRG514400057,2,00001,7100,1
510006,KRG514400065,2,00001,8780,1
510007,KRG514400073,2,00001,9305,1
510008,KRG517400088,2,00001,16450,1
510009,KRG517400096,2,00001,5520,1
510010,KRG514400107,2,00001,15235,1
510011,KRG512400117,2,00001,9815,1
520003,KRG527400037,2,00001,8995,1
520004,KRG521100047,2,00001,16340,1
520005,KRG521100054,2,00001,5560,1
520006,KRG521100062,2,00001,12730,1
520007,KRG521100070,2,00001,6995,1
520009,KRG522100095,2,00001,25495,1
520010,KRG522100103,2,00001,26320,1
520011,KRG522100111,2,00001,12100,1
520012,KRG527100124,2,00001,12775,1
520013,KRG521100138,2,00001,10155,1
520014,KRG521100146,2,00001,13170,1
520015,KRG521100153,2,00001,13900,1
520020,KRG522200200,2,00001,10585,1
520021,KRG522200218,2,00001,11210,1
520026,KRG521800265,2,00001,10045,1
530002,KRG536100024,2,00001,13310,1
530003,KRG531100037,2,00001,4620,1
530004,KRG531100045,2,00001,4500,1
530005,KRG531100052,2,00001,12375,1
530006,KRG531100060,2,00001,5530,1
530007,KRG531100078,2,00001,6395,1
530008,KRG531100086,2,00001,8115,1
530009,KRG531100094,2,00001,9010,1
530010,KRG531100102,2,00001,2975,1
530011,KRG531100110,2,00001,9010,1
530012,KRG531100128,2,00001,11830,1
530013,KRG531100136,2,00001,10505,1
530014,KRG536100149,2,00001,13190,1
530015,KRG532100150,2,00001,13915,1
530016,KRG532100168,2,00001,12575,1
530017,KRG532100176,2,00001,11990,1
530018,KRG532100184,2,00001,11195,1
530019,KRG532100192,2,00001,14335,1
530020,KRG532100200,2,00001,12955,1
530021,KRG532100218,2,00001,12355,1
530022,KRG532100226,2,00001,11530,1
530023,KRG536100230,2,00001,31635,1
530031,KRG532400311,2,00001,18015,1
530032,KRG532100325,2,00001,9950,1
530033,KRG532100333,2,00001,10090,1
530036,KRG532400360,2,00001,4565,1
530037,KRG532400378,2,00001,12070,1
530038,KRG532400386,2,00001,10950,1
530053,KRG531800537,2,00001,9915,1
530055,KRG532400550,2,00001,18415,1
530056,KRG532400568,2,00001,21490,1
530057,KRG531100573,2,00001,9400,1
530058,KRG531100581,2,00001,9370,1
530059,KRG531100599,2,00001,9975,1
530060,KRG531800602,2,00001,10045,1
530061,KRG532400618,2,00001,9285,1
530062,KRG532400626,2,00001,10410,1
530063,KRG532400634,2,00001,9045,1
530064,KRG532400642,2,00001,10395,1
530065,KRG532600654,2,00001,21275,1
550001,KRG551100016,2,00001,9700,1
550002,KRG551100024,2,00001,9670,1
550003,KRG551100032,2,00001,11040,1
550004,KRG551100040,2,00001,9150,1
550005,KRG551100057,2,00001,10550,1
550006,KRG551100065,2,00001,6915,1
550007,KRG551100073,2,00001,9350,1
550008,KRG551100081,2,00001,12265,1
550009,KRG551100099,2,00001,15375,1
550010,KRG551100107,2,00001,7790,1
550011,KRG551100115,2,00001,10365,1
550012,KRG551100123,2,00001,5970,1
550013,KRG551100131,2,00001,9730,1
550014,KRG551100149,2,00001,11670,1
550015,KRG551100156,2,00001,7360,1
550016,KRG551100164,2,00001,9680,1
550018,KRG556100185,2,00001,5015,1
550026,KRG551100263,2,00001,10385,1
550027,KRG551100271,2,00001,6310,1
550029,KRG551100297,2,00001,9470,1
550030,KRG551100305,2,00001,7775,1
550031,KRG551100313,2,00001,7800,1
550032,KRG551100321,2,00001,7630,1
550033,KRG551100339,2,00001,10350,1
550041,KRG552100411,2,00001,13745,1
550042,KRG552400423,2,00001,14095,1
550043,KRG552400431,2,00001,4160,1
550044,KRG552100445,2,00001,11850,1
550045,KRG552100452,2,00001,7370,1
550046,KRG551200469,2,00001,23420,1
550047,KRG551200477,2,00001,17500,1
550052,KRG552100528,2,00001,9585,1
550053,KRG552100536,2,00001,11115,1
550054,KRG552100544,2,00001,9670,1
550055,KRG552100551,2,00001,11420,1
550056,KRG551800565,2,00001,10040,1
550057,KRG551800573,2,00001,9710,1
550058,KRG552600584,2,00001,22365,1
570003,KRG571100038,2,00001,9390,1
570008,KRG571100087,2,00001,8415,1
570009,KRG571100095,2,00001,8900,1
570015,KRG571100152,2,00001,10395,1
570019,KRG571100194,2,00001,10500,1
570020,KRG571100202,2,00001,8615,1
570021,KRG571100210,2,00001,11890,1
570022,KRG572100227,2,00001,11840,1
570023,KRG572100235,2,00001,7520,1
570024,KRG571100244,2,00001,7555,1
570025,KRG574100258,2,00001,9085,1
570026,KRG574100266,2,00001,10865,1
570027,KRG574100274,2,00001,8185,1
570028,KRG576100280,2,00001,11030,1
570029,KRG571100293,2,00001,9680,1
570030,KRG571100301,2,00001,9665,1
570031,KRG576100314,2,00001,9845,1
570032,KRG576100322,2,00001,9650,1
570034,KRG575500340,2,00001,10445,1
570035,KRG575500357,2,00001,10910,1
570036,KRG575500365,2,00001,9555,1
570037,KRG574500374,2,00001,10270,1
570038,KRG574500382,2,00001,9735,1
580006,KRG581100069,2,00001,9855,1
580007,KRG581100077,2,00001,11450,1
580008,KRG581100085,2,00001,9825,1
580009,KRG581100093,2,00001,9580,1
590003,KRG594100031,2,00001,12160,1
590004,KRG594100049,2,00001,11870,1
590005,KRG595100055,2,00001,12555,1
590006,KRG595100063,2,00001,11770,1
590007,KRG592100074,2,00001,14345,1
590008,KRG592100082,2,00001,13630,1
590009,KRG592100090,2,00001,17635,1
590010,KRG592100108,2,00001,18030,1
590011,KRG592100116,2,00001,7010,1
590012,KRG597100129,2,00001,10975,1
590013,KRG592100132,2,00001,10790,1
590016,KRG592100165,2,00001,11975,1
590017,KRG592100173,2,00001,12480,1
590018,KRG596100187,2,00001,10255,1
700001,KRG701800010,2,00001,9750,1
000250,KR7000250001,0,00001,39950,2
000440,KR7000440008,0,00001,7760,2
001000,KR7001000009,0,00001,2195,2
001540,KR7001540004,0,00001,11050,2
001810,KR7001810001,0,00001,2695,2
001840,KR7001840008,0,00001,5290,2
002230,KR7002230001,0,00001,4340,2
002290,KR7002290005,0,00001,3270,2
002680,KR7002680007,0,00001,2610,2
002800,KR7002800001,0,00001,7220,2
003100,KR7003100005,0,00001,17000,2
003310,KR7003310000,0,00001,1495,2
003380,KR7003380003,0,00001,11150,2
003670,KR7003670007,0,00001,52300,2
003800,KR7003800000,0,00001,31200,2
004590,KR7004590006,0,00001,4695,2
004650,KR7004650008,0,00001,13200,2
004780,KR7004780003,0,00001,5350,2
005160,KR7005160007,0,00001,2550,2
005290,KR7005290002,0,00001,11250,2
005670,KR7005670005,0,00001,9780,2
005710,KR7005710009,0,00001,6130,2
005860,KR7005860002,0,00001,2085,2
005990,KR7005990007,0,00001,13700,2
006050,KR7006050009,0,00001,1375,2
006140,KR7006140008,0,00001,4850,2
006580,KR7006580005,0,00001,4220,2
006620,KR7006620009,0,00001,18800,2
006730,KR7006730006,0,00001,8780,2
006910,KR7006910004,0,00001,2245,2
006920,KR7006920003,0,00001,5430,2
007330,KR7007330004,0,00001,8320,2
007370,KR7007370000,0,00001,3985,2
007390,KR7007390008,0,00001,10350,2
007530,KR7007530009,0,00001,1745,2
007680,KR7007680002,0,00001,17050,2
007720,KR7007720006,0,00001,1970,2
007770,KR7007770001,0,00001,11950,2
007820,KR7007820004,0,00001,9790,2
008290,KR7008290009,0,00001,3770,2
008370,KR7008370009,0,00001,3715,2
008470,KR7008470007,0,00001,5570,2
008800,KR7008800005,0,00001,2255,2
008830,KR7008830002,0,00001,3395,2
009300,KR7009300005,0,00001,16500,2
009520,KR7009520008,0,00001,6080,2
009620,KR7009620006,0,00001,1445,2
009730,KR7009730003,0,00001,2180,2
009780,KR7009780008,0,00001,6870,2
010170,KR7010170009,0,00001,4370,2
010240,KR7010240000,0,00001,4925,2
010280,KR7010280006,0,00001,1380,2
010470,KR7010470003,0,00001,5080,2
011040,KR7011040003,0,00001,9050,2
011080,KR7011080009,0,00001,735,2
011320,KR7011320009,0,00001,7160,2
011370,KR7011370004,0,00001,1615,2
011560,KR7011560000,0,00001,9930,2
012340,KR7012340006,0,00001,782,2
012620,KR7012620001,0,00001,9120,2
012700,KR7012700001,0,00001,5660,2
012790,KR7012790002,0,00001,9370,2
012860,KR7012860003,0,00001,1500,2
013030,KR7013030002,0,00001,16600,2
013120,KR7013120001,0,00001,4655,2
013310,KR7013310008,0,00001,2430,2
013720,KR7013720008,0,00001,2690,2
013810,KR7013810007,0,00001,3165,2
013990,KR7013990007,0,00001,3355,2
014100,KR7014100002,0,00001,9180,2
014190,KR7014190003,0,00001,2215,2
014200,KR7014200000,0,00001,3030,2
014470,KR7014470009,0,00001,2335,2
014570,KR7014570006,0,00001,7010,2
014620,KR7014620009,0,00001,11000,2
014940,KR7014940001,0,00001,824,2
014970,KR7014970008,0,00001,4540,2
015710,KR7015710007,0,00001,8820,2
015750,KR7015750003,0,00001,4010,2
016100,KR7016100000,0,00001,9770,2
016250,KR7016250003,0,00001,113900,2
016600,KR7016600009,0,00001,674,2
016670,KR7016670002,0,00001,1465,2
016790,KR7016790008,0,00001,18050,2
016920,KR7016920001,0,00001,1680,2
017000,KR7017000001,0,00001,3900,2
017250,KR7017250002,0,00001,3070,2
017480,KR7017480005,0,00001,4355,2
017510,KR7017510009,0,00001,4995,2
017650,KR7017650003,0,00001,1725,2
017680,KR7017680000,0,00001,182,2
017890,KR7017890005,0,00001,8980,2
018000,KR7018000000,0,00001,1205,2
018120,KR7018120006,0,00001,29250,2
018290,KR7018290007,0,00001,8970,2
018310,KR7018310003,0,00001,11900,2
018620,KR7018620005,0,00001,2985,2
018680,KR7018680009,0,00001,7070,2
018700,KR7018700005,0,00001,2240,2
019010,KR7019010008,0,00001,2385,2
019210,KR7019210004,0,00001,9550,2
019540,KR7019540004,0,00001,2860,2
019550,KR7019550003,0,00001,816,2
019570,KR7019570001,0,00001,780,2
019590,KR7019590009,0,00001,0,2
019660,KR7019660000,0,00001,2930,2
019770,KR7019770007,0,00001,2650,2
019990,KR7019990001,0,00001,3930,2
020180,KR7020180006,0,00001,1395,2
020400,KR7020400008,0,00001,10900,2
020710,KR7020710000,0,00001,6350,2
021040,KR7021040001,0,00001,1010,2
021045,KR7021041009,0,00001,1500,2
021080,KR7021080007,0,00001,2100,2
021320,KR7021320007,0,00001,6880,2
021650,KR7021650007,0,00001,2400,2
021880,KR7021880000,0,00001,369,2
022100,KR7022100002,0,00001,5320,2
022220,KR7022220008,0,00001,2435,2
023160,KR7023160005,0,00001,10350,2
023410,KR7023410004,0,00001,5590,2
023440,KR7023440001,0,00001,1850,2
023460,KR7023460009,0,00001,1435,2
023600,KR7023600000,0,00001,10750,2
023760,KR7023760002,0,00001,725,2
023770,KR7023770001,0,00001,7120,2
023790,KR7023790009,0,00001,5660,2
023890,KR7023890007,0,00001,68200,2
023900,KR7023900004,0,00001,15650,2
023910,KR7023910003,0,00001,35450,2
024060,KR7024060006,0,00001,6750,2
024120,KR7024120008,0,00001,6070,2
024740,KR7024740003,0,00001,1340,2
024800,KR7024800005,0,00001,2950,2
024810,KR7024810004,0,00001,228,2
024830,KR7024830002,0,00001,6960,2
024840,KR7024840001,0,00001,1835,2
024850,KR7024850000,0,00001,804,2
024880,KR7024880007,0,00001,5600,2
024910,KR7024910002,0,00001,1240,2
024940,KR7024940009,0,00001,2420,2
024950,KR7024950008,0,00001,6050,2
025320,KR7025320003,0,00001,2685,2
025440,KR7025440009,0,00001,762,2
025550,KR7025550005,0,00001,2685,2
025770,KR7025770009,0,00001,8940,2
025870,KR7025870007,0,00001,5430,2
025880,KR7025880006,0,00001,2465,2
025900,KR7025900002,0,00001,16350,2
025950,KR7025950007,0,00001,5940,2
025980,KR7025980004,0,00001,13950,2
026040,KR7026040006,0,00001,5220,2
026150,KR7026150003,0,00001,5120,2
026180,KR7026180000,0,00001,2040,2
026910,KR7026910000,0,00001,3455,2
027040,KR7027040005,0,00001,1345,2
027050,KR7027050004,0,00001,4160,2
027360,KR7027360007,0,00001,1230,2
027580,KR7027580000,0,00001,3300,2
027710,KR7027710003,0,00001,1220,2
027830,KR7027830009,0,00001,1745,2
028040,KR7028040004,0,00001,2000,2
028080,KR7028080000,0,00001,3235,2
028150,KR7028150001,0,00001,166800,2
028300,KR7028300002,0,00001,73300,2
029480,KR7029480001,0,00001,920,2
029960,KR7029960002,0,00001,12000,2
030190,KR7030190003,0,00001,14500,2
030270,KR7030270003,0,00001,998,2
030350,KR7030350003,0,00001,3310,2
030520,KR7030520001,0,00001,12650,2
030530,KR7030530000,0,00001,3890,2
030960,KR7030960009,0,00001,11300,2
031310,KR7031310006,0,00001,5860,2
031330,KR7031330004,0,00001,1790,2
031390,KR7031390008,0,00001,44500,2
031510,KR7031510001,0,00001,2805,2
031860,KR7031860000,0,00001,4300,2
031980,KR7031980006,0,00001,9740,2
032080,KR7032080004,0,00001,1920,2
032190,KR7032190001,0,00001,9890,2
032280,KR7032280000,0,00001,2310,2
032500,KR7032500001,0,00001,30900,2
032540,KR7032540007,0,00001,2965,2
032580,KR7032580003,0,00001,1905,2
032620,KR7032620007,0,00001,5940,2
032680,KR7032680001,0,00001,1625,2
032685,KR7032681009,0,00001,24900,2
032750,KR7032750002,0,00001,8540,2
032790,KR7032790008,0,00001,8060,2
032800,KR7032800005,0,00001,775,2
032820,KR7032820003,0,00001,1185,2
032850,KR7032850000,0,00001,4665,2
032860,KR7032860009,0,00001,541,2
032940,KR7032940009,0,00001,4180,2
032960,KR7032960007,0,00001,14300,2
032980,KR7032980005,0,00001,1490,2
033050,KR7033050006,0,00001,938,2
033100,KR7033100009,0,00001,6280,2
033110,KR7033110008,0,00001,2020,2
033130,KR7033130006,0,00001,2670,2
033160,KR7033160003,0,00001,8070,2
033170,KR7033170002,0,00001,1220,2
033200,KR7033200007,0,00001,4730,2
033230,KR7033230004,0,00001,3095,2
033290,KR7033290008,0,00001,7470,2
033310,KR7033310004,0,00001,3550,2
033320,KR7033320003,0,00001,5170,2
033340,KR7033340001,0,00001,3885,2
033430,KR7033430000,0,00001,1385,2
033500,KR7033500000,0,00001,9830,2
033540,KR7033540006,0,00001,4950,2
033560,KR7033560004,0,00001,3590,2
033600,KR7033600008,0,00001,889,2
033640,KR7033640004,0,00001,27200,2
033790,KR7033790007,0,00001,2895,2
033830,KR7033830001,0,00001,1270,2
034230,KR7034230003,0,00001,16500,2
034810,KR7034810002,0,00001,10900,2
034940,KR7034940007,0,00001,4360,2
034950,KR7034950006,0,00001,62400,2
035080,KR7035080001,0,00001,2580,2
035200,KR7035200005,0,00001,3420,2
035290,KR7035290006,0,00001,3915,2
035460,KR7035460005,0,00001,3090,2
035480,KR7035480003,0,00001,1475,2
035600,KR7035600006,0,00001,12500,2
035610,KR7035610005,0,00001,4785,2
035620,KR7035620004,0,00001,1925,2
035760,KR7035760008,0,00001,186300,2
035810,KR7035810001,0,00001,6370,2
035890,KR7035890003,0,00001,1275,2
035900,KR7035900000,0,00001,25500,2
036000,KR7036000008,0,00001,4970,2
036010,KR7036010007,0,00001,4655,2
036030,KR7036030005,0,00001,4225,2
036090,KR7036090009,0,00001,1070,2
036120,KR7036120004,0,00001,2630,2
036170,KR7036170009,0,00001,2470,2
036180,KR7036180008,0,00001,9950,2
036190,KR7036190007,0,00001,32550,2
036200,KR7036200004,0,00001,4500,2
036260,KR7036260008,0,00001,2220,2
036420,KR7036420008,0,00001,4845,2
036480,KR7036480002,0,00001,19750,2
036490,KR7036490001,0,00001,154800,2
036540,KR7036540003,0,00001,2660,2
036560,KR7036560001,0,00001,9300,2
036620,KR7036620003,0,00001,1000,2
036630,KR7036630002,0,00001,477,2
036640,KR7036640001,0,00001,2610,2
036670,KR7036670008,0,00001,10700,2
036690,KR7036690006,0,00001,4155,2
036710,KR7036710002,0,00001,1805,2
036800,KR7036800001,0,00001,20400,2
036810,KR7036810000,0,00001,7630,2
036830,KR7036830008,0,00001,48600,2
036890,KR7036890002,0,00001,8470,2
036930,KR7036930006,0,00001,6800,2
037030,KR7037030004,0,00001,5780,2
037070,KR7037070000,0,00001,7300,2
037230,KR7037230000,0,00001,2305,2
037330,KR7037330008,0,00001,1870,2
037350,KR7037350006,0,00001,5300,2
037370,KR7037370004,0,00001,10450,2
037400,KR7037400009,0,00001,1105,2
037440,KR7037440005,0,00001,4340,2
037460,KR7037460003,0,00001,10750,2
037760,KR7037760006,0,00001,1935,2
037950,KR7037950003,0,00001,1725,2
038010,KR7038010005,0,00001,4395,2
038060,KR7038060000,0,00001,2220,2
038070,KR7038070009,0,00001,9400,2
038110,KR7038110003,0,00001,1450,2
038160,KR7038160008,0,00001,6630,2
038290,KR7038290003,0,00001,30750,2
038340,KR7038340006,0,00001,2800,2
038390,KR7038390001,0,00001,18000,2
038460,KR7038460002,0,00001,4340,2
038500,KR7038500005,0,00001,3405,2
038530,KR7038530002,0,00001,2695,2
038540,KR7038540001,0,00001,22200,2
038620,KR7038620001,0,00001,1220,2
038680,KR7038680005,0,00001,7050,2
038870,KR7038870002,0,00001,6000,2
038880,KR7038880001,0,00001,730,2
038950,KR7038950002,0,00001,4270,2
039010,KR7039010004,0,00001,9920,2
039020,KR7039020003,0,00001,3120,2
039030,KR7039030002,0,00001,60000,2
039200,KR7039200001,0,00001,25950,2
039230,KR7039230008,0,00001,996,2
039240,KR7039240007,0,00001,1890,2
039290,KR7039290002,0,00001,7590,2
039310,KR7039310008,0,00001,3485,2
039340,KR7039340005,0,00001,6470,2
039420,KR7039420005,0,00001,2780,2
039440,KR7039440003,0,00001,12050,2
039560,KR7039560008,0,00001,9100,2
039610,KR7039610001,0,00001,8000,2
039670,KR7039670005,0,00001,1035,2
039740,KR7039740006,0,00001,3535,2
039830,KR7039830005,0,00001,10500,2
039840,KR7039840004,0,00001,37000,2
039860,KR7039860002,0,00001,4820,2
039980,KR7039980008,0,00001,1645,2
040160,KR7040160004,0,00001,6140,2
040300,KR7040300006,0,00001,2000,2
040350,KR7040350001,0,00001,1135,2
040420,KR7040420002,0,00001,8020,2
040610,KR7040610008,0,00001,1925,2
040910,KR7040910002,0,00001,8700,2
041020,KR7041020009,0,00001,1245,2
041140,KR7041140005,0,00001,15500,2
041190,KR7041190000,0,00001,3790,2
041440,KR7041440009,0,00001,5700,2
041460,KR7041460007,0,00001,4130,2
041510,KR7041510009,0,00001,38800,2
041520,KR7041520008,0,00001,5630,2
041590,KR7041590001,0,00001,1545,2
041830,KR7041830001,0,00001,24050,2
041910,KR7041910001,0,00001,7990,2
041920,KR7041920000,0,00001,7530,2
041930,KR7041930009,0,00001,5400,2
041960,KR7041960006,0,00001,20400,2
042000,KR7042000000,0,00001,55600,2
042040,KR7042040006,0,00001,1005,2
042110,KR7042110007,0,00001,1620,2
042370,KR7042370007,0,00001,5590,2
042420,KR7042420000,0,00001,13350,2
042500,KR7042500009,0,00001,4325,2
042510,KR7042510008,0,00001,3565,2
042520,KR7042520007,0,00001,24900,2
042600,KR7042600007,0,00001,4220,2
042940,KR7042940007,0,00001,1890,2
043090,KR7043090000,0,00001,3150,2
043100,KR7043100007,0,00001,264,2
043150,KR7043150002,0,00001,26700,2
043200,KR7043200005,0,00001,2560,2
043220,KR7043220003,0,00001,997,2
043260,KR7043260009,0,00001,1015,2
043290,KR7043290006,0,00001,11850,2
043340,KR7043340009,0,00001,1420,2
043360,KR7043360007,0,00001,2825,2
043370,KR7043370006,0,00001,8530,2
043590,KR7043590009,0,00001,1490,2
043610,KR7043610005,0,00001,4050,2
043650,KR7043650001,0,00001,3890,2
043710,KR7043710003,0,00001,2610,2
043910,KR7043910009,0,00001,1770,2
044060,KR7044060002,0,00001,11450,2
044180,KR7044180008,0,00001,99,2
044340,KR7044340008,0,00001,21300,2
044480,KR7044480002,0,00001,8100,2
044490,KR7044490001,0,00001,9370,2
044780,KR7044780005,0,00001,1800,2
044960,KR7044960003,0,00001,5370,2
045060,KR7045060001,0,00001,3105,2
045100,KR7045100005,0,00001,12300,2
045300,KR7045300001,0,00001,3965,2
045340,KR7045340007,0,00001,2945,2
045390,KR7045390002,0,00001,5410,2
045510,KR7045510005,0,00001,1730,2
045520,KR7045520004,0,00001,21700,2
045660,KR7045660008,0,00001,9620,2
045890,KR7045890001,0,00001,2520,2
045970,KR7045970001,0,00001,5520,2
046070,KR7046070009,0,00001,2195,2
046110,KR7046110003,0,00001,4910,2
046120,KR7046120002,0,00001,4190,2
046140,KR7046140000,0,00001,5680,2
046210,KR7046210001,0,00001,3950,2
046310,KR7046310009,0,00001,2715,2
046390,KR7046390001,0,00001,1765,2
046440,KR7046440004,0,00001,6320,2
046890,KR7046890000,0,00001,17900,2
046940,KR7046940003,0,00001,3715,2
046970,KR7046970000,0,00001,2625,2
047080,KR7047080007,0,00001,2875,2
047310,KR7047310008,0,00001,11600,2
047560,KR7047560008,0,00001,7500,2
047770,KR7047770003,0,00001,2970,2
047820,KR7047820006,0,00001,1360,2
047920,KR7047920004,0,00001,4640,2
048260,KR7048260004,0,00001,70900,2
048410,KR7048410005,0,00001,16250,2
048430,KR7048430003,0,00001,5740,2
048470,KR7048470009,0,00001,7120,2
048530,KR7048530000,0,00001,17400,2
048550,KR7048550008,0,00001,1750,2
048770,KR7048770002,0,00001,3895,2
048830,KR7048830004,0,00001,2225,2
048870,KR7048870000,0,00001,2035,2
048910,KR7048910004,0,00001,8490,2
049070,KR7049070006,0,00001,19100,2
049080,KR7049080005,0,00001,2220,2
049120,KR7049120009,0,00001,1770,2
049180,KR7049180003,0,00001,8040,2
049430,KR7049430002,0,00001,7760,2
049470,KR7049470008,0,00001,1010,2
049480,KR7049480007,0,00001,2530,2
049520,KR7049520000,0,00001,5030,2
049550,KR7049550007,0,00001,3685,2
049630,KR7049630007,0,00001,1145,2
049720,KR7049720006,0,00001,4550,2
049830,KR7049830003,0,00001,9850,2
049950,KR7049950009,0,00001,45900,2
049960,KR7049960008,0,00001,21100,2
050090,KR7050090000,0,00001,899,2
050110,KR7050110006,0,00001,2125,2
050120,KR7050120005,0,00001,960,2
050320,KR7050320001,0,00001,0,2
050540,KR7050540004,0,00001,2310,2
050760,KR7050760008,0,00001,3965,2
050860,KR7050860006,0,00001,4405,2
050890,KR7050890003,0,00001,5980,2
050960,KR7050960004,0,00001,6520,2
051160,KR7051160000,0,00001,7360,2
051360,KR7051360006,0,00001,6720,2
051370,KR7051370005,0,00001,11700,2
051380,KR7051380004,0,00001,5220,2
051390,KR7051390003,0,00001,3885,2
051490,KR7051490001,0,00001,4090,2
051500,KR7051500007,0,00001,29150,2
051780,KR7051780005,0,00001,588,2
051980,KR7051980001,0,00001,2035,2
052020,KR7052020005,0,00001,18600,2
052190,KR7052190006,0,00001,2260,2
052220,KR7052220001,0,00001,2370,2
052260,KR7052260007,0,00001,15600,2
052300,KR7052300001,0,00001,439,2
052330,KR7052330008,0,00001,15000,2
052400,KR7052400009,0,00001,15500,2
052420,KR7052420007,0,00001,1870,2
052460,KR7052460003,0,00001,3025,2
052600,KR7052600004,0,00001,3065,2
052670,KR7052670007,0,00001,4475,2
052710,KR7052710001,0,00001,17900,2
052770,KR7052770005,0,00001,805,2
052790,KR7052790003,0,00001,13950,2
052860,KR7052860004,0,00001,5290,2
052900,KR7052900008,0,00001,965,2
053030,KR7053030003,0,00001,10200,2
053050,KR7053050001,0,00001,1550,2
053060,KR7053060000,0,00001,777,2
053110,KR7053110003,0,00001,1055,2
053160,KR7053160008,0,00001,6500,2
053260,KR7053260006,0,00001,3615,2
053270,KR7053270005,0,00001,1600,2
053280,KR7053280004,0,00001,5740,2
053290,KR7053290003,0,00001,3695,2
053300,KR7053300000,0,00001,3835,2
053350,KR7053350005,0,00001,5630,2
053450,KR7053450003,0,00001,6710,2
053580,KR7053580007,0,00001,66500,2
053590,KR7053590006,0,00001,1410,2
053610,KR7053610002,0,00001,22450,2
053620,KR7053620001,0,00001,10350,2
053660,KR7053660007,0,00001,2585,2
053700,KR7053700001,0,00001,6080,2
053800,KR7053800009,0,00001,61500,2
053950,KR7053950002,0,00001,17200,2
053980,KR7053980009,0,00001,8740,2
054040,KR7054040001,0,00001,2400,2
054050,KR7054050000,0,00001,11100,2
054090,KR7054090006,0,00001,2245,2
054180,KR7054180005,0,00001,3045,2
054210,KR7054210000,0,00001,5240,2
054220,KR7054220009,0,00001,485,2
054300,KR7054300009,0,00001,988,2
054340,KR7054340005,0,00001,0,2
054410,KR7054410006,0,00001,4795,2
054450,KR7054450002,0,00001,12050,2
054540,KR7054540000,0,00001,3265,2
054620,KR7054620000,0,00001,3815,2
054630,KR7054630009,0,00001,1935,2
054670,KR7054670005,0,00001,10750,2
054780,KR7054780002,0,00001,3205,2
054800,KR7054800008,0,00001,14000,2
054920,KR7054920004,0,00001,3140,2
054930,KR7054930003,0,00001,22400,2
054940,KR7054940002,0,00001,1650,2
054950,KR7054950001,0,00001,38500,2
056000,KR7056000003,0,00001,2365,2
056080,KR7056080005,0,00001,3500,2
056090,KR7056090004,0,00001,8100,2
056190,KR7056190002,0,00001,38350,2
056360,KR7056360001,0,00001,8070,2
056700,KR7056700008,0,00001,3860,2
056730,KR7056730005,0,00001,1460,2
057030,KR7057030009,0,00001,4050,2
057500,KR7057500001,0,00001,3210,2
057540,KR7057540007,0,00001,2250,2
057680,KR7057680001,0,00001,1300,2
057880,KR7057880007,0,00001,2345,2
058110,KR7058110008,0,00001,4665,2
058220,KR7058220005,0,00001,749,2
058400,KR7058400003,0,00001,867,2
058420,KR7058420001,0,00001,1465,2
058450,KR7058450008,0,00001,1530,2
058470,KR7058470006,0,00001,58600,2
058530,KR7058530007,0,00001,896,2
058610,KR7058610007,0,00001,8100,2
058630,KR7058630005,0,00001,3520,2
058820,KR7058820002,0,00001,3685,2
059090,KR7059090001,0,00001,5850,2
059100,KR7059100008,0,00001,6580,2
059120,KR7059120006,0,00001,7710,2
059210,KR7059210005,0,00001,2695,2
060150,KR7060150000,0,00001,8660,2
060230,KR7060230000,0,00001,1795,2
060240,KR7060240009,0,00001,5000,2
060250,KR7060250008,0,00001,13050,2
060260,KR7060260007,0,00001,1410,2
060280,KR7060280005,0,00001,5800,2
060300,KR7060300001,0,00001,1005,2
060310,KR7060310000,0,00001,2540,2
060370,KR7060370004,0,00001,3405,2
060380,KR7060380003,0,00001,3060,2
060480,KR7060480001,0,00001,7610,2
060540,KR7060540002,0,00001,2255,2
060560,KR7060560000,0,00001,1300,2
060570,KR7060570009,0,00001,7200,2
060590,KR7060590007,0,00001,7530,2
060720,KR7060720000,0,00001,9290,2
060900,KR7060900008,0,00001,836,2
061040,KR7061040002,0,00001,5470,2
061250,KR7061250007,0,00001,6800,2
061970,KR7061970000,0,00001,9760,2
062860,KR7062860002,0,00001,3900,2
063080,KR7063080006,0,00001,42650,2
063170,KR7063170005,0,00001,7830,2
063440,KR7063440002,0,00001,1760,2
063570,KR7063570006,0,00001,8510,2
063760,KR7063760003,0,00001,12750,2
064090,KR7064090004,0,00001,1295,2
064240,KR7064240005,0,00001,5010,2
064260,KR7064260003,0,00001,3170,2
064290,KR7064290000,0,00001,5930,2
064480,KR7064480007,0,00001,3430,2
064510,KR7064510001,0,00001,5010,2
064520,KR7064520000,0,00001,418,2
064550,KR7064550007,0,00001,9310,2
064760,KR7064760002,0,00001,58500,2
064800,KR7064800006,0,00001,1690,2
064820,KR7064820004,0,00001,2030,2
065060,KR7065060006,0,00001,1310,2
065130,KR7065130007,0,00001,10250,2
065150,KR7065150005,0,00001,1315,2
065170,KR7065170003,0,00001,1710,2
065350,KR7065350001,0,00001,3395,2
065420,KR7065420002,0,00001,639,2
065440,KR7065440000,0,00001,1670,2
065450,KR7065450009,0,00001,3360,2
065500,KR7065500001,0,00001,594,2
065510,KR7065510000,0,00001,10350,2
065530,KR7065530008,0,00001,5100,2
065560,KR7065560005,0,00001,8230,2
065570,KR7065570004,0,00001,5710,2
065620,KR7065620007,0,00001,16350,2
065650,KR7065650004,0,00001,4340,2
065660,KR7065660003,0,00001,55600,2
065680,KR7065680001,0,00001,9300,2
065690,KR7065690000,0,00001,3085,2
065710,KR7065710006,0,00001,22450,2
065770,KR7065770000,0,00001,2805,2
065940,KR7065940009,0,00001,1635,2
065950,KR7065950008,0,00001,3510,2
066110,KR7066110008,0,00001,1590,2
066130,KR7066130006,0,00001,6870,2
066310,KR7066310004,0,00001,5450,2
066360,KR7066360009,0,00001,2620,2
066410,KR7066410002,0,00001,3000,2
066430,KR7066430000,0,00001,7060,2
066590,KR7066590001,0,00001,4150,2
066620,KR7066620006,0,00001,15000,2
066670,KR7066670001,0,00001,3800,2
066700,KR7066700006,0,00001,9410,2
066790,KR7066790007,0,00001,423,2
066900,KR7066900002,0,00001,3210,2
066910,KR7066910001,0,00001,2300,2
066970,KR7066970005,0,00001,24400,2
066980,KR7066980004,0,00001,897,2
067000,KR7067000000,0,00001,7520,2
067010,KR7067010009,0,00001,4190,2
067080,KR7067080002,0,00001,16200,2
067160,KR7067160002,0,00001,69000,2
067170,KR7067170001,0,00001,12400,2
067280,KR7067280008,0,00001,51400,2
067290,KR7067290007,0,00001,5770,2
067310,KR7067310003,0,00001,3930,2
067390,KR7067390005,0,00001,11550,2
067570,KR7067570002,0,00001,2830,2
067630,KR7067630004,0,00001,15350,2
067730,KR7067730002,0,00001,3060,2
067770,KR7067770008,0,00001,2800,2
067900,KR7067900001,0,00001,8350,2
067920,KR7067920009,0,00001,4475,2
067990,KR7067990002,0,00001,9720,2
068050,KR7068050004,0,00001,4370,2
068240,KR7068240001,0,00001,13800,2
068330,KR7068330000,0,00001,1875,2
068760,KR7068760008,0,00001,50100,2
068790,KR7068790005,0,00001,5780,2
068930,KR7068930007,0,00001,9900,2
068940,KR7068940006,0,00001,2165,2
069080,KR7069080000,0,00001,15500,2
069110,KR7069110005,0,00001,7850,2
069140,KR7069140002,0,00001,5890,2
069330,KR7069330009,0,00001,1780,2
069410,KR7069410009,0,00001,15600,2
069510,KR7069510006,0,00001,12500,2
069540,KR7069540003,0,00001,5420,2
069920,KR7069920007,0,00001,4160,2
070300,KR7070300009,0,00001,4590,2
070590,KR7070590005,0,00001,2550,2
071200,KR7071200000,0,00001,6400,2
071280,KR7071280002,0,00001,4075,2
071460,KR7071460000,0,00001,4030,2
071670,KR7071670004,0,00001,10350,2
071850,KR7071850002,0,00001,3260,2
072020,KR7072020001,0,00001,20200,2
072470,KR7072470008,0,00001,4400,2
072520,KR7072520000,0,00001,3000,2
072770,KR7072770001,0,00001,1750,2
072870,KR7072870009,0,00001,11700,2
072950,KR7072950009,0,00001,6290,2
072990,KR7072990005,0,00001,9550,2
073010,KR7073010001,0,00001,1990,2
073070,KR7073070005,0,00001,5450,2
073110,KR7073110009,0,00001,10400,2
073190,KR7073190001,0,00001,2400,2
073490,KR7073490005,0,00001,28650,2
073540,KR7073540007,0,00001,3360,2
073560,KR7073560005,0,00001,2585,2
073570,KR7073570004,0,00001,5830,2
073640,KR7073640005,0,00001,1865,2
074430,KR7074430000,0,00001,1920,2
074600,KR7074600008,0,00001,11550,2
075130,KR7075130005,0,00001,5130,2
075970,KR7075970004,0,00001,2245,2
076080,KR7076080001,0,00001,2295,2
076610,KR7076610005,0,00001,2975,2
077280,KR7077280006,0,00001,2375,2
077360,KR7077360006,0,00001,5470,2
078020,KR7078020005,0,00001,5540,2
078070,KR7078070000,0,00001,31000,2
078130,KR7078130002,0,00001,3770,2
078140,KR7078140001,0,00001,7630,2
078150,KR7078150000,0,00001,2975,2
078160,KR7078160009,0,00001,33350,2
078340,KR7078340007,0,00001,97400,2
078350,KR7078350006,0,00001,3415,2
078590,KR7078590007,0,00001,1140,2
078600,KR7078600004,0,00001,14150,2
078650,KR7078650009,0,00001,2070,2
078860,KR7078860004,0,00001,1755,2
078890,KR7078890001,0,00001,10800,2
078940,KR7078940004,0,00001,1490,2
079000,KR7079000006,0,00001,5520,2
079170,KR7079170007,0,00001,5940,2
079190,KR7079190005,0,00001,2780,2
079370,KR7079370003,0,00001,12200,2
079650,KR7079650008,0,00001,3295,2
079810,KR7079810008,0,00001,2175,2
079940,KR7079940003,0,00001,8600,2
079950,KR7079950002,0,00001,3455,2
079960,KR7079960001,0,00001,10300,2
079970,KR7079970000,0,00001,3845,2
080000,KR7080000003,0,00001,2495,2
080010,KR7080010002,0,00001,7800,2
080160,KR7080160005,0,00001,21200,2
080220,KR7080220007,0,00001,3935,2
080420,KR7080420003,0,00001,4560,2
080440,KR7080440001,0,00001,1895,2
080470,KR7080470008,0,00001,8980,2
080520,KR7080520000,0,00001,5240,2
080530,KR7080530009,0,00001,0,2
080580,KR7080580004,0,00001,3300,2
080720,KR7080720006,0,00001,17450,2
081150,KR7081150005,0,00001,3300,2
081580,KR7081580003,0,00001,3215,2
082210,KR7082210006,0,00001,7780,2
082270,KR7082270000,0,00001,16400,2
082660,KR7082660002,0,00001,585,2
082800,KR7082800004,0,00001,1600,2
082850,KR7082850009,0,00001,1165,2
082920,KR7082920000,0,00001,10900,2
083310,KR7083310003,0,00001,7890,2
083450,KR7083450007,0,00001,6630,2
083470,KR7083470005,0,00001,387,2
083500,KR7083500009,0,00001,5810,2
083550,KR7083550004,0,00001,7780,2
083640,KR7083640003,0,00001,3120,2
083650,KR7083650002,0,00001,2375,2
083660,KR7083660001,0,00001,4170,2
083790,KR7083790006,0,00001,15150,2
083930,KR7083930008,0,00001,6430,2
084110,KR7084110006,0,00001,36800,2
084180,KR7084180009,0,00001,5820,2
084370,KR7084370006,0,00001,11850,2
084650,KR7084650001,0,00001,6860,2
084730,KR7084730001,0,00001,8190,2
084990,KR7084990001,0,00001,203500,2
085370,KR7085370005,0,00001,8630,2
08537M,KR708537K039,0,00001,13350,2
085660,KR7085660009,0,00001,16100,2
085670,KR7085670008,0,00001,2455,2
085810,KR7085810000,0,00001,2275,2
085910,KR7085910008,0,00001,4140,2
086040,KR7086040003,0,00001,7450,2
086060,KR7086060001,0,00001,4540,2
086250,KR7086250008,0,00001,6800,2
086390,KR7086390002,0,00001,12850,2
086450,KR7086450004,0,00001,57100,2
086520,KR7086520004,0,00001,24350,2
086670,KR7086670007,0,00001,6450,2
086820,KR7086820008,0,00001,42250,2
086890,KR7086890001,0,00001,6930,2
086900,KR7086900008,0,00001,449300,2
086960,KR7086960002,0,00001,13550,2
086980,KR7086980000,0,00001,3065,2
087010,KR7087010005,0,00001,21150,2
087260,KR7087260006,0,00001,6010,2
087600,KR7087600003,0,00001,6620,2
087730,KR7087730008,0,00001,8180,2
088130,KR7088130000,0,00001,8640,2
088290,KR7088290002,0,00001,1770,2
088390,KR7088390000,0,00001,6950,2
088800,KR7088800008,0,00001,9640,2
088910,KR7088910005,0,00001,3905,2
089010,KR7089010003,0,00001,8460,2
089030,KR7089030001,0,00001,12600,2
089140,KR7089140008,0,00001,10200,2
089150,KR7089150007,0,00001,2640,2
089230,KR7089230007,0,00001,1125,2
089530,KR7089530000,0,00001,654,2
089600,KR7089600001,0,00001,49500,2
089790,KR7089790000,0,00001,4430,2
089850,KR7089850002,0,00001,6880,2
089890,KR7089890008,0,00001,7700,2
089970,KR7089970008,0,00001,5620,2
089980,KR7089980007,0,00001,17150,2
090150,KR7090150004,0,00001,3995,2
090360,KR7090360009,0,00001,22600,2
090410,KR7090410002,0,00001,1545,2
090460,KR7090460007,0,00001,17550,2
090470,KR7090470006,0,00001,8550,2
090710,KR7090710005,0,00001,1025,2
090740,KR7090740002,0,00001,3875,2
090850,KR7090850009,0,00001,8640,2
091120,KR7091120006,0,00001,14200,2
091340,KR7091340000,0,00001,4180,2
091440,KR7091440008,0,00001,3160,2
091580,KR7091580001,0,00001,8970,2
091590,KR7091590000,0,00001,8810,2
091700,KR7091700005,0,00001,17200,2
091970,KR7091970004,0,00001,5190,2
091990,KR7091990002,0,00001,56500,2
092040,KR7092040005,0,00001,27750,2
092070,KR7092070002,0,00001,6950,2
092130,KR7092130004,0,00001,18250,2
092300,KR7092300003,0,00001,3420,2
092460,KR7092460005,0,00001,7830,2
092600,KR7092600006,0,00001,6110,2
092730,KR7092730001,0,00001,47100,2
092870,KR7092870005,0,00001,5600,2
093190,KR7093190007,0,00001,5770,2
093320,KR7093320000,0,00001,37700,2
093380,KR7093380004,0,00001,3465,2
093520,KR7093520005,0,00001,4570,2
093640,KR7093640001,0,00001,3850,2
093920,KR7093920007,0,00001,5190,2
094170,KR7094170008,0,00001,5500,2
094190,KR7094190006,0,00001,787,2
094360,KR7094360005,0,00001,10700,2
094480,KR7094480001,0,00001,3840,2
094820,KR7094820008,0,00001,6160,2
094840,KR7094840006,0,00001,7270,2
094850,KR7094850005,0,00001,7610,2
094860,KR7094860004,0,00001,607,2
094940,KR7094940004,0,00001,12850,2
094970,KR7094970001,0,00001,2675,2
095190,KR7095190005,0,00001,6430,2
095270,KR7095270005,0,00001,20100,2
095340,KR7095340006,0,00001,7780,2
095500,KR7095500005,0,00001,4270,2
095610,KR7095610002,0,00001,15250,2
095660,KR7095660007,0,00001,13850,2
095700,KR7095700001,0,00001,68400,2
095910,KR7095910006,0,00001,4910,2
096040,KR7096040001,0,00001,165,2
096240,KR7096240007,0,00001,20450,2
096350,KR7096350004,0,00001,828,2
096530,KR7096530001,0,00001,27200,2
096610,KR7096610001,0,00001,6620,2
096630,KR7096630009,0,00001,1720,2
096640,KR7096640008,0,00001,2040,2
096690,KR7096690003,0,00001,2830,2
096870,KR7096870001,0,00001,2955,2
097520,KR7097520001,0,00001,22800,2
097780,KR7097780001,0,00001,990,2
097800,KR7097800007,0,00001,1325,2
097870,KR7097870000,0,00001,8620,2
098120,KR7098120009,0,00001,2580,2
098460,KR7098460009,0,00001,94000,2
098660,KR7098660004,0,00001,3420,2
099190,KR7099190001,0,00001,23500,2
099220,KR7099220006,0,00001,1470,2
099320,KR7099320004,0,00001,20100,2
099410,KR7099410003,0,00001,2185,2
099440,KR7099440000,0,00001,3130,2
099520,KR7099520009,0,00001,1760,2
099750,KR7099750002,0,00001,24850,2
100030,KR7100030006,0,00001,33150,2
100090,KR7100090000,0,00001,4600,2
100120,KR7100120005,0,00001,31950,2
100130,KR7100130004,0,00001,2360,2
100590,KR7100590009,0,00001,12150,2
100660,KR7100660000,0,00001,4975,2
100700,KR7100700004,0,00001,3550,2
100790,KR7100790005,0,00001,6270,2
101000,KR7101000008,0,00001,0,2
101160,KR7101160000,0,00001,6750,2
101170,KR7101170009,0,00001,3860,2
101240,KR7101240000,0,00001,9850,2
101330,KR7101330009,0,00001,5560,2
101390,KR7101390003,0,00001,1340,2
101400,KR7101400000,0,00001,590,2
101490,KR7101490001,0,00001,6080,2
101670,KR7101670008,0,00001,1640,2
101680,KR7101680007,0,00001,2410,2
101730,KR7101730000,0,00001,5590,2
101930,KR7101930006,0,00001,5240,2
102120,KR7102120003,0,00001,6920,2
102210,KR7102210002,0,00001,1100,2
102710,KR7102710001,0,00001,20250,2
102940,KR7102940004,0,00001,26700,2
103230,KR7103230009,0,00001,4555,2
104040,KR7104040001,0,00001,1555,2
104200,KR7104200001,0,00001,6940,2
104460,KR7104460001,0,00001,8720,2
104480,KR7104480009,0,00001,2980,2
104540,KR7104540000,0,00001,5630,2
104620,KR7104620000,0,00001,22400,2
104830,KR7104830005,0,00001,21700,2
105330,KR7105330005,0,00001,4895,2
105550,KR7105550008,0,00001,5050,2
105740,KR7105740005,0,00001,10900,2
106080,KR7106080005,0,00001,798,2
106190,KR7106190002,0,00001,12850,2
106240,KR7106240005,0,00001,1595,2
106520,KR7106520000,0,00001,557,2
108230,KR7108230004,0,00001,9400,2
108320,KR7108320003,0,00001,38800,2
108380,KR7108380007,0,00001,13750,2
108490,KR7108490004,0,00001,14150,2
108790,KR7108790007,0,00001,5850,2
108860,KR7108860008,0,00001,3780,2
109080,KR7109080002,0,00001,7110,2
109610,KR7109610006,0,00001,4655,2
109740,KR7109740001,0,00001,11650,2
109820,KR7109820001,0,00001,3895,2
109860,KR7109860007,0,00001,11550,2
109960,KR7109960005,0,00001,775,2
110020,KR7110020005,0,00001,13400,2
110790,KR7110790003,0,00001,22950,2
110990,KR7110990009,0,00001,8960,2
111710,KR7111710000,0,00001,7860,2
111820,KR7111820007,0,00001,2250,2
111870,KR7111870002,0,00001,3300,2
112040,KR7112040001,0,00001,39800,2
112240,KR7112240007,0,00001,1815,2
113810,KR7113810006,0,00001,621,2
114120,KR7114120009,0,00001,1020,2
114190,KR7114190002,0,00001,2415,2
114450,KR7114450000,0,00001,3770,2
114570,KR7114570005,0,00001,990,2
114630,KR7114630007,0,00001,4145,2
114810,KR7114810005,0,00001,6240,2
115160,KR7115160004,0,00001,5710,2
115180,KR7115180002,0,00001,20350,2
115310,KR7115310005,0,00001,23150,2
115440,KR7115440000,0,00001,8050,2
115450,KR7115450009,0,00001,28400,2
115480,KR7115480006,0,00001,2405,2
115500,KR7115500001,0,00001,5260,2
115530,KR7115530008,0,00001,839,2
115570,KR7115570004,0,00001,4825,2
115610,KR7115610008,0,00001,3375,2
115960,KR7115960007,0,00001,29650,2
117670,KR7117670000,0,00001,9780,2
117730,KR7117730002,0,00001,11750,2
118990,KR7118990001,0,00001,3710,2
119500,KR7119500007,0,00001,3185,2
119610,KR7119610004,0,00001,26350,2
119830,KR7119830008,0,00001,14450,2
119850,KR7119850006,0,00001,4180,2
119860,KR7119860005,0,00001,27350,2
120240,KR7120240007,0,00001,13200,2
121440,KR7121440002,0,00001,3295,2
121600,KR7121600001,0,00001,18250,2
121800,KR7121800007,0,00001,6220,2
121850,KR7121850002,0,00001,2230,2
121890,KR7121890008,0,00001,3410,2
122310,KR7122310006,0,00001,21000,2
122350,KR7122350002,0,00001,2570,2
122450,KR7122450000,0,00001,7220,2
122640,KR7122640006,0,00001,12850,2
122690,KR7122690001,0,00001,2185,2
122800,KR7122800006,0,00001,1000,2
122870,KR7122870009,0,00001,33750,2
122990,KR7122990005,0,00001,17600,2
123010,KR7123010001,0,00001,6400,2
123040,KR7123040008,0,00001,4075,2
123260,KR7123260002,0,00001,701,2
123330,KR7123330003,0,00001,8350,2
123410,KR7123410003,0,00001,2550,2
123420,KR7123420002,0,00001,20300,2
123570,KR7123570004,0,00001,3255,2
123750,KR7123750002,0,00001,2900,2
123840,KR7123840001,0,00001,1180,2
123860,KR7123860009,0,00001,30850,2
124500,KR7124500000,0,00001,4665,2
125210,KR7125210005,0,00001,12250,2
126600,KR7126600006,0,00001,3450,2
126640,KR7126640002,0,00001,1120,2
126700,KR7126700004,0,00001,8420,2
126870,KR7126870005,0,00001,5400,2
126880,KR7126880004,0,00001,5210,2
127120,KR7127120004,0,00001,3905,2
127160,KR7127160000,0,00001,1220,2
127710,KR7127710002,0,00001,2420,2
128540,KR7128540002,0,00001,3525,2
128660,KR7128660008,0,00001,2390,2
130500,KR7130500002,0,00001,3650,2
130580,KR7130580004,0,00001,8040,2
130740,KR7130740004,0,00001,2880,2
131030,KR7131030009,0,00001,9280,2
131090,KR7131090003,0,00001,1525,2
131100,KR7131100000,0,00001,3625,2
131180,KR7131180002,0,00001,1970,2
131220,KR7131220006,0,00001,5220,2
131290,KR7131290009,0,00001,9100,2
131370,KR7131370009,0,00001,3055,2
131390,KR7131390007,0,00001,11250,2
131400,KR7131400004,0,00001,3310,2
131760,KR7131760001,0,00001,1135,2
131970,KR7131970006,0,00001,46750,2
133750,KR7133750000,0,00001,2140,2
134060,KR7134060003,0,00001,5940,2
134580,KR7134580000,0,00001,2840,2
134780,KR7134780006,0,00001,3060,2
136480,KR7136480001,0,00001,3090,2
136510,KR7136510005,0,00001,8860,2
136540,KR7136540002,0,00001,16200,2
137400,KR7137400008,0,00001,5500,2
137940,KR7137940003,0,00001,2305,2
137950,KR7137950002,0,00001,3700,2
138070,KR7138070008,0,00001,6230,2
138080,KR7138080007,0,00001,56700,2
138360,KR7138360003,0,00001,4480,2
138580,KR7138580006,0,00001,12550,2
138610,KR7138610001,0,00001,7900,2
138690,KR7138690003,0,00001,12200,2
139050,KR7139050009,0,00001,1230,2
139670,KR7139670004,0,00001,9230,2
140070,KR7140070004,0,00001,2635,2
140410,KR7140410002,0,00001,109700,2
140520,KR7140520008,0,00001,2865,2
140670,KR7140670001,0,00001,10250,2
140860,KR7140860008,0,00001,40500,2
141000,KR7141000000,0,00001,10350,2
141020,KR7141020008,0,00001,994,2
141070,KR7141070003,0,00001,1335,2
141080,KR7141080002,0,00001,50600,2
142210,KR7142210004,0,00001,7450,2
142280,KR7142280007,0,00001,10050,2
142760,KR7142760008,0,00001,10950,2
143160,KR7143160000,0,00001,29600,2
143240,KR7143240000,0,00001,23200,2
143540,KR7143540003,0,00001,1175,2
144510,KR7144510005,0,00001,36950,2
144960,KR7144960002,0,00001,17200,2
145020,KR7145020004,0,00001,386900,2
147760,KR7147760003,0,00001,4570,2
147830,KR7147830004,0,00001,6180,2
148140,KR7148140007,0,00001,9600,2
148250,KR7148250004,0,00001,14000,2
149940,KR7149940009,0,00001,155,2
149950,KR7149950008,0,00001,6960,2
149980,KR7149980005,0,00001,6880,2
150840,KR7150840007,0,00001,5620,2
150900,KR7150900009,0,00001,4480,2
151860,KR7151860004,0,00001,3690,2
151910,KR7151910007,0,00001,6020,2
153460,KR7153460001,0,00001,3920,2
153490,KR7153490008,0,00001,893,2
153710,KR7153710009,0,00001,10700,2
154030,KR7154030001,0,00001,6840,2
154040,KR7154040000,0,00001,4025,2
155650,KR7155650005,0,00001,5660,2
156100,KR7156100000,0,00001,7010,2
158310,KR7158310003,0,00001,2450,2
159580,KR7159580000,0,00001,11850,2
159910,KR7159910009,0,00001,411,2
160550,KR7160550000,0,00001,4965,2
160600,KR7160600003,0,00001,5490,2
160980,KR7160980009,0,00001,9750,2
161570,KR7161570007,0,00001,3210,2
161580,KR7161580006,0,00001,7250,2
166090,KR7166090001,0,00001,14500,2
166480,KR7166480004,0,00001,11050,2
168330,KR7168330009,0,00001,6780,2
170030,KR7170030001,0,00001,3150,2
170790,KR7170790000,0,00001,6420,2
170920,KR7170920003,0,00001,10600,2
171010,KR7171010002,0,00001,4000,2
171090,KR7171090004,0,00001,7000,2
171120,KR7171120009,0,00001,8110,2
173130,KR7173130006,0,00001,11600,2
173940,KR7173940008,0,00001,8550,2
174880,KR7174880005,0,00001,3430,2
174900,KR7174900001,0,00001,59300,2
175140,KR7175140003,0,00001,9990,2
175250,KR7175250000,0,00001,36450,2
176440,KR7176440006,0,00001,9110,2
177350,KR7177350006,0,00001,3675,2
177830,KR7177830007,0,00001,4995,2
178320,KR7178320008,0,00001,27400,2
178780,KR7178780003,0,00001,1040,2
178920,KR7178920005,0,00001,26050,2
179290,KR7179290002,0,00001,5090,2
179900,KR7179900006,0,00001,16150,2
180400,KR7180400004,0,00001,7740,2
181340,KR7181340001,0,00001,7830,2
182360,KR7182360008,0,00001,3920,2
182400,KR7182400002,0,00001,13850,2
182690,KR7182690008,0,00001,1125,2
183300,KR7183300003,0,00001,27300,2
183490,KR7183490002,0,00001,76900,2
184230,KR7184230001,0,00001,1430,2
185490,KR7185490000,0,00001,13600,2
187220,KR7187220009,0,00001,10350,2
187270,KR7187270004,0,00001,3425,2
187420,KR7187420005,0,00001,7000,2
187790,KR7187790001,0,00001,2255,2
187870,KR7187870001,0,00001,10950,2
189300,KR7189300007,0,00001,28400,2
189690,KR7189690001,0,00001,6200,2
189860,KR7189860000,0,00001,4085,2
189980,KR7189980006,0,00001,8000,2
190510,KR7190510008,0,00001,33000,2
191410,KR7191410000,0,00001,3415,2
191420,KR7191420009,0,00001,29200,2
192250,KR7192250009,0,00001,1520,2
192390,KR7192390003,0,00001,4985,2
192410,KR7192410009,0,00001,408,2
192440,KR7192440006,0,00001,80700,2
193250,KR7193250008,0,00001,2055,2
194480,KR7194480000,0,00001,9230,2
194510,KR7194510004,0,00001,536,2
194700,KR7194700001,0,00001,23300,2
195440,KR7195440003,0,00001,689,2
195990,KR7195990007,0,00001,594,2
196170,KR7196170005,0,00001,43300,2
196300,KR7196300008,0,00001,13300,2
196450,KR7196450001,0,00001,690,2
196490,KR7196490007,0,00001,2920,2
196700,KR7196700009,0,00001,2175,2
197140,KR7197140007,0,00001,4315,2
197210,KR7197210008,0,00001,5150,2
198440,KR7198440000,0,00001,2260,2
200130,KR7200130003,0,00001,23600,2
200230,KR7200230001,0,00001,6700,2
200470,KR7200470003,0,00001,6090,2
200670,KR7200670008,0,00001,26500,2
200710,KR7200710002,0,00001,13000,2
200780,KR7200780005,0,00001,20200,2
201490,KR7201490000,0,00001,7160,2
203450,KR7203450002,0,00001,3130,2
203650,KR7203650007,0,00001,3270,2
203690,KR7203690003,0,00001,5060,2
204020,KR7204020002,0,00001,6770,2
204620,KR7204620009,0,00001,4280,2
204630,KR7204630008,0,00001,3500,2
204840,KR7204840003,0,00001,2630,2
204990,KR7204990006,0,00001,1850,2
205100,KR7205100001,0,00001,2995,2
205470,KR7205470008,0,00001,1715,2
205500,KR7205500002,0,00001,1450,2
206400,KR7206400004,0,00001,781,2
206560,KR7206560005,0,00001,7850,2
206640,KR7206640005,0,00001,11200,2
206650,KR7206650004,0,00001,7700,2
207760,KR7207760000,0,00001,2985,2
208140,KR7208140004,0,00001,3165,2
208340,KR7208340000,0,00001,68500,2
208350,KR7208350009,0,00001,1415,2
208370,KR7208370007,0,00001,1935,2
208640,KR7208640003,0,00001,1140,2
208710,KR7208710004,0,00001,2120,2
208860,KR7208860007,0,00001,6220,2
211270,KR7211270004,0,00001,6910,2
212560,KR7212560007,0,00001,4770,2
213090,KR7213090004,0,00001,8970,2
213420,KR7213420003,0,00001,13850,2
214150,KR7214150005,0,00001,12600,2
214180,KR7214180002,0,00001,23800,2
214270,KR7214270001,0,00001,1270,2
214310,KR7214310005,0,00001,907,2
214370,KR7214370009,0,00001,76500,2
214430,KR7214430001,0,00001,20700,2
214450,KR7214450009,0,00001,44700,2
214680,KR7214680001,0,00001,2010,2
214870,KR7214870008,0,00001,9740,2
215000,KR7215000001,0,00001,56100,2
215090,KR7215090002,0,00001,7250,2
215100,KR7215100009,0,00001,3455,2
215200,KR7215200007,0,00001,38600,2
215360,KR7215360009,0,00001,24350,2
215380,KR7215380007,0,00001,2660,2
215480,KR7215480005,0,00001,1245,2
215600,KR7215600008,0,00001,55700,2
215790,KR7215790007,0,00001,5700,2
216050,KR7216050005,0,00001,26700,2
217190,KR7217190008,0,00001,2430,2
217270,KR7217270008,0,00001,9930,2
217330,KR7217330000,0,00001,10550,2
217480,KR7217480003,0,00001,7690,2
217500,KR7217500008,0,00001,1815,2
217600,KR7217600006,0,00001,1460,2
217620,KR7217620004,0,00001,2590,2
217730,KR7217730001,0,00001,19900,2
217820,KR7217820000,0,00001,12150,2
218150,KR7218150001,0,00001,3605,2
218410,KR7218410009,0,00001,24750,2
219130,KR7219130002,0,00001,4460,2
219420,KR7219420007,0,00001,5750,2
219550,KR7219550001,0,00001,937,2
219750,KR7219750007,0,00001,16450,2
220100,KR7220100002,0,00001,13500,2
220180,KR7220180004,0,00001,4990,2
220260,KR7220260004,0,00001,2555,2
220630,KR7220630008,0,00001,2410,2
221610,KR7221610009,0,00001,8410,2
221840,KR7221840002,0,00001,5520,2
221980,KR7221980006,0,00001,12350,2
222040,KR7222040008,0,00001,11450,2
222080,KR7222080004,0,00001,2065,2
222110,KR7222110009,0,00001,9830,2
222420,KR7222420002,0,00001,2100,2
222800,KR7222800005,0,00001,6230,2
222810,KR7222810004,0,00001,2255,2
222980,KR7222980005,0,00001,10350,2
223310,KR7223310004,0,00001,314,2
224060,KR7224060004,0,00001,707,2
224110,KR7224110007,0,00001,9150,2
225190,KR7225190008,0,00001,14400,2
225330,KR7225330000,0,00001,6370,2
225430,KR7225430008,0,00001,3060,2
225530,KR7225530005,0,00001,4315,2
225570,KR7225570001,0,00001,9300,2
225590,KR7225590009,0,00001,1385,2
225650,KR7225650001,0,00001,5600,2
226340,KR7226340008,0,00001,2795,2
226350,KR7226350007,0,00001,1315,2
226360,KR7226360006,0,00001,3750,2
226400,KR7226400000,0,00001,4130,2
226440,KR7226440006,0,00001,1630,2
226950,KR7226950004,0,00001,58700,2
227100,KR7227100005,0,00001,10000,2
227610,KR7227610003,0,00001,11350,2
227950,KR7227950003,0,00001,1610,2
228340,KR7228340006,0,00001,5530,2
228760,KR7228760005,0,00001,35850,2
228850,KR7228850004,0,00001,14900,2
230240,KR7230240004,0,00001,19500,2
230360,KR7230360000,0,00001,39150,2
230980,KR7230980005,0,00001,4010,2
232140,KR7232140004,0,00001,2675,2
232330,KR7232330001,0,00001,2105,2
234100,KR7234100006,0,00001,2560,2
234300,KR7234300002,0,00001,7840,2
234920,KR7234920007,0,00001,7700,2
236200,KR7236200002,0,00001,27550,2
237690,KR7237690003,0,00001,18900,2
237750,KR7237750005,0,00001,7280,2
237880,KR7237880000,0,00001,18950,2
